target_id,quarter,trial_index,trial_seed,null_block_size_cadences
11450313,5,0,51883562,24
11450313,5,1,4195845029,24
11450313,5,2,907508692,24
11450313,5,3,2731471198,24
11450313,5,4,364100170,24
11450313,5,5,3071807131,24
11450313,5,6,2931527722,24
11450313,5,7,3001131940,24
11450313,5,8,1954046098,24
11450313,5,9,3380272924,24
11450313,5,10,2156926667,24
11450313,5,11,3718308383,24
11450313,5,12,789815305,24
11450313,5,13,1630633005,24
11450313,5,14,3212302863,24
11450313,5,15,19272435,24
11450313,5,16,823234994,24
11450313,5,17,145266666,24
11450313,5,18,1235623998,24
11450313,5,19,2318671456,24
11450313,5,20,2043949336,24
11450313,5,21,3220075737,24
11450313,5,22,4040876586,24
11450313,5,23,3602969860,24
11450313,5,24,1137960583,24
11450313,5,25,250608090,24
11450313,5,26,3997977146,24
11450313,5,27,182960966,24
11450313,5,28,4212184999,24
11450313,5,29,116070138,24
11450313,5,30,3642138349,24
11450313,5,31,284733324,24
11450313,5,32,751149011,24
11450313,5,33,2461993480,24
11450313,5,34,787534878,24
11450313,5,35,264030611,24
11450313,5,36,2094192383,24
11450313,5,37,99912608,24
11450313,5,38,3254905682,24
11450313,5,39,2641289204,24
11450313,5,40,2906243661,24
11450313,5,41,3349603405,24
11450313,5,42,43104655,24
11450313,5,43,1875069246,24
11450313,5,44,524692339,24
11450313,5,45,2283762715,24
11450313,5,46,2499597193,24
11450313,5,47,85999325,24
11450313,5,48,1676072036,24
11450313,5,49,1618678889,24
11450313,5,50,3876984505,24
11450313,5,51,265489272,24
11450313,5,52,3743910799,24
11450313,5,53,324754514,24
11450313,5,54,962137851,24
11450313,5,55,3806839241,24
11450313,5,56,3474056409,24
11450313,5,57,2679087818,24
11450313,5,58,298085018,24
11450313,5,59,893335121,24
11450313,5,60,1409369344,24
11450313,5,61,869247207,24
11450313,5,62,166727776,24
11450313,5,63,1938769668,24
11450313,5,64,1661442934,24
11450313,5,65,3392677003,24
11450313,5,66,1298473901,24
11450313,5,67,1898562212,24
11450313,5,68,760693258,24
11450313,5,69,4111634024,24
11450313,5,70,3918487254,24
11450313,5,71,2279677833,24
11450313,5,72,137783846,24
11450313,5,73,3824705955,24
11450313,5,74,1057010898,24
11450313,5,75,2081173933,24
11450313,5,76,2042370413,24
11450313,5,77,3876970572,24
11450313,5,78,2314966715,24
11450313,5,79,3373223127,24
11450313,5,80,2534270308,24
11450313,5,81,3276222060,24
11450313,5,82,1624278127,24
11450313,5,83,1708461039,24
11450313,5,84,1103563325,24
11450313,5,85,1699357311,24
11450313,5,86,2896619132,24
11450313,5,87,1570264300,24
11450313,5,88,2745574887,24
11450313,5,89,570476264,24
11450313,5,90,3686456700,24
11450313,5,91,3237305292,24
11450313,5,92,1953661106,24
11450313,5,93,1891908005,24
11450313,5,94,3724422485,24
11450313,5,95,774042402,24
11450313,5,96,3149885467,24
11450313,5,97,2088531506,24
11450313,5,98,949951605,24
11450313,5,99,644289484,24
