pipeline,branch,detector,target_id,quarter,fap_level,score_column,score_threshold,requested_null_trials,successful_null_trials,success_fraction,observed_exceedance_fraction
raw_bls,raw,bls,4818593,5,0.01,raw_bls_score,5.314770377729933,100,100,1.0,0.01
raw_tcf,raw,tcf,4818593,5,0.01,raw_tcf_score,7.835905817445422,100,100,1.0,0.01
arima_bls,arima,bls,4818593,5,0.01,arima_bls_score,7.566292257732809,100,100,1.0,0.01
arima_tcf,arima,tcf,4818593,5,0.01,arima_tcf_score,8.374995665494923,100,100,1.0,0.01
kalman_bls,kalman,bls,4818593,5,0.01,kalman_bls_score,6.773825546429474,100,100,1.0,0.01
kalman_tcf,kalman,tcf,4818593,5,0.01,kalman_tcf_score,8.876927516896636,100,100,1.0,0.01
gp_bls,gp,bls,4818593,5,0.01,gp_bls_score,6.046702525568847,100,100,1.0,0.01
gp_tcf,gp,tcf,4818593,5,0.01,gp_tcf_score,7.743343555552237,100,100,1.0,0.01
raw_bls,raw,bls,1431344,5,0.01,raw_bls_score,5.474660203846203,100,100,1.0,0.01
raw_tcf,raw,tcf,1431344,5,0.01,raw_tcf_score,7.827890652160509,100,100,1.0,0.01
arima_bls,arima,bls,1431344,5,0.01,arima_bls_score,7.452174747306122,100,100,1.0,0.01
arima_tcf,arima,tcf,1431344,5,0.01,arima_tcf_score,7.907620796440554,100,100,1.0,0.01
kalman_bls,kalman,bls,1431344,5,0.01,kalman_bls_score,5.918519239558322,100,100,1.0,0.01
kalman_tcf,kalman,tcf,1431344,5,0.01,kalman_tcf_score,8.530806935140715,100,100,1.0,0.01
gp_bls,gp,bls,1431344,5,0.01,gp_bls_score,6.432289830263813,100,100,1.0,0.01
gp_tcf,gp,tcf,1431344,5,0.01,gp_tcf_score,7.571379653666416,100,100,1.0,0.01
raw_bls,raw,bls,2834231,5,0.01,raw_bls_score,6.698467702327398,100,100,1.0,0.01
raw_tcf,raw,tcf,2834231,5,0.01,raw_tcf_score,39.54225863607239,100,100,1.0,0.01
arima_bls,arima,bls,2834231,5,0.01,arima_bls_score,6.344782498024542,100,100,1.0,0.01
arima_tcf,arima,tcf,2834231,5,0.01,arima_tcf_score,35.362997914810286,100,100,1.0,0.01
kalman_bls,kalman,bls,2834231,5,0.01,kalman_bls_score,7.248887460364193,100,100,1.0,0.01
kalman_tcf,kalman,tcf,2834231,5,0.01,kalman_tcf_score,41.17104147392233,100,100,1.0,0.01
gp_bls,gp,bls,2834231,5,0.01,gp_bls_score,6.577885952630128,100,100,1.0,0.01
gp_tcf,gp,tcf,2834231,5,0.01,gp_tcf_score,35.55758736336311,100,100,1.0,0.01
raw_bls,raw,bls,4544745,5,0.01,raw_bls_score,6.255268147089498,100,100,1.0,0.01
raw_tcf,raw,tcf,4544745,5,0.01,raw_tcf_score,16.34080939169354,100,100,1.0,0.01
arima_bls,arima,bls,4544745,5,0.01,arima_bls_score,7.676310250326878,100,100,1.0,0.01
arima_tcf,arima,tcf,4544745,5,0.01,arima_tcf_score,7.825310813921579,100,100,1.0,0.01
kalman_bls,kalman,bls,4544745,5,0.01,kalman_bls_score,6.443748584998675,100,100,1.0,0.01
kalman_tcf,kalman,tcf,4544745,5,0.01,kalman_tcf_score,8.413968103581384,100,100,1.0,0.01
gp_bls,gp,bls,4544745,5,0.01,gp_bls_score,6.209182130856216,100,100,1.0,0.01
gp_tcf,gp,tcf,4544745,5,0.01,gp_tcf_score,7.841170978750607,100,100,1.0,0.01
raw_bls,raw,bls,12645975,5,0.01,raw_bls_score,6.088913500553086,100,100,1.0,0.01
raw_tcf,raw,tcf,12645975,5,0.01,raw_tcf_score,8.261874063670666,100,100,1.0,0.01
arima_bls,arima,bls,12645975,5,0.01,arima_bls_score,7.348844502015664,100,100,1.0,0.01
arima_tcf,arima,tcf,12645975,5,0.01,arima_tcf_score,8.766732341086408,100,100,1.0,0.01
kalman_bls,kalman,bls,12645975,5,0.01,kalman_bls_score,6.549775153927371,100,100,1.0,0.01
kalman_tcf,kalman,tcf,12645975,5,0.01,kalman_tcf_score,13.00386750681455,100,100,1.0,0.01
gp_bls,gp,bls,12645975,5,0.01,gp_bls_score,7.371756739906364,100,100,1.0,0.01
gp_tcf,gp,tcf,12645975,5,0.01,gp_tcf_score,8.840372877188585,100,100,1.0,0.01
raw_bls,raw,bls,3115178,5,0.01,raw_bls_score,5.846607696034299,100,100,1.0,0.01
raw_tcf,raw,tcf,3115178,5,0.01,raw_tcf_score,7.715068584824335,100,100,1.0,0.01
arima_bls,arima,bls,3115178,5,0.01,arima_bls_score,6.954489501272988,100,100,1.0,0.01
arima_tcf,arima,tcf,3115178,5,0.01,arima_tcf_score,7.678387107324782,100,100,1.0,0.01
kalman_bls,kalman,bls,3115178,5,0.01,kalman_bls_score,6.349593719584712,100,100,1.0,0.01
kalman_tcf,kalman,tcf,3115178,5,0.01,kalman_tcf_score,7.383435415513975,100,100,1.0,0.01
gp_bls,gp,bls,3115178,5,0.01,gp_bls_score,6.353615737494535,100,100,1.0,0.01
gp_tcf,gp,tcf,3115178,5,0.01,gp_tcf_score,8.175540646088928,100,100,1.0,0.01
raw_bls,raw,bls,3230022,5,0.01,raw_bls_score,7.0145059967968315,100,100,1.0,0.01
raw_tcf,raw,tcf,3230022,5,0.01,raw_tcf_score,8.262644334106806,100,100,1.0,0.01
arima_bls,arima,bls,3230022,5,0.01,arima_bls_score,8.199688404539376,100,100,1.0,0.01
arima_tcf,arima,tcf,3230022,5,0.01,arima_tcf_score,8.61989642321748,100,100,1.0,0.01
kalman_bls,kalman,bls,3230022,5,0.01,kalman_bls_score,7.17322573393872,100,100,1.0,0.01
kalman_tcf,kalman,tcf,3230022,5,0.01,kalman_tcf_score,8.289965369942934,100,100,1.0,0.01
gp_bls,gp,bls,3230022,5,0.01,gp_bls_score,5.770928935644636,100,100,1.0,0.01
gp_tcf,gp,tcf,3230022,5,0.01,gp_tcf_score,7.982497462434759,100,100,1.0,0.01
raw_bls,raw,bls,1431791,5,0.01,raw_bls_score,5.953799629329305,100,100,1.0,0.01
raw_tcf,raw,tcf,1431791,5,0.01,raw_tcf_score,8.670715509222251,100,100,1.0,0.01
arima_bls,arima,bls,1431791,5,0.01,arima_bls_score,7.486288295629288,100,100,1.0,0.01
arima_tcf,arima,tcf,1431791,5,0.01,arima_tcf_score,8.431157449202583,100,100,1.0,0.01
kalman_bls,kalman,bls,1431791,5,0.01,kalman_bls_score,6.161612111048547,100,100,1.0,0.01
kalman_tcf,kalman,tcf,1431791,5,0.01,kalman_tcf_score,9.597460910113927,100,100,1.0,0.01
gp_bls,gp,bls,1431791,5,0.01,gp_bls_score,5.5181555965864435,100,100,1.0,0.01
gp_tcf,gp,tcf,1431791,5,0.01,gp_tcf_score,7.931860572985267,100,100,1.0,0.01
raw_bls,raw,bls,5171052,5,0.01,raw_bls_score,6.539263862078734,100,100,1.0,0.01
raw_tcf,raw,tcf,5171052,5,0.01,raw_tcf_score,8.37483775249665,100,100,1.0,0.01
arima_bls,arima,bls,5171052,5,0.01,arima_bls_score,9.163143538128448,100,100,1.0,0.01
arima_tcf,arima,tcf,5171052,5,0.01,arima_tcf_score,8.175236349000182,100,100,1.0,0.01
kalman_bls,kalman,bls,5171052,5,0.01,kalman_bls_score,6.4554695339482855,100,100,1.0,0.01
kalman_tcf,kalman,tcf,5171052,5,0.01,kalman_tcf_score,15.406124900632571,100,100,1.0,0.01
gp_bls,gp,bls,5171052,5,0.01,gp_bls_score,6.530769914011925,100,100,1.0,0.01
gp_tcf,gp,tcf,5171052,5,0.01,gp_tcf_score,14.757942854499312,100,100,1.0,0.01
raw_bls,raw,bls,7583204,5,0.01,raw_bls_score,5.702927228363726,100,100,1.0,0.01
raw_tcf,raw,tcf,7583204,5,0.01,raw_tcf_score,13.352361481305948,100,100,1.0,0.01
arima_bls,arima,bls,7583204,5,0.01,arima_bls_score,6.474134645185409,100,100,1.0,0.01
arima_tcf,arima,tcf,7583204,5,0.01,arima_tcf_score,20.296905642188698,100,100,1.0,0.01
kalman_bls,kalman,bls,7583204,5,0.01,kalman_bls_score,5.856559531636694,100,100,1.0,0.01
kalman_tcf,kalman,tcf,7583204,5,0.01,kalman_tcf_score,30.93049229408728,100,100,1.0,0.01
gp_bls,gp,bls,7583204,5,0.01,gp_bls_score,6.513082493940356,100,100,1.0,0.01
gp_tcf,gp,tcf,7583204,5,0.01,gp_tcf_score,10.620507387127583,100,100,1.0,0.01
raw_bls,raw,bls,2996004,5,0.01,raw_bls_score,5.785454854840926,100,100,1.0,0.01
raw_tcf,raw,tcf,2996004,5,0.01,raw_tcf_score,7.286621835101064,100,100,1.0,0.01
arima_bls,arima,bls,2996004,5,0.01,arima_bls_score,5.895697152872476,100,100,1.0,0.01
arima_tcf,arima,tcf,2996004,5,0.01,arima_tcf_score,18.2253245498583,100,100,1.0,0.01
kalman_bls,kalman,bls,2996004,5,0.01,kalman_bls_score,5.921772809434903,100,100,1.0,0.01
kalman_tcf,kalman,tcf,2996004,5,0.01,kalman_tcf_score,11.95160176100692,100,100,1.0,0.01
gp_bls,gp,bls,2996004,5,0.01,gp_bls_score,4.943765689028851,100,100,1.0,0.01
gp_tcf,gp,tcf,2996004,5,0.01,gp_tcf_score,7.546934328558741,100,100,1.0,0.01
raw_bls,raw,bls,10677499,5,0.01,raw_bls_score,6.503948647821244,100,100,1.0,0.01
raw_tcf,raw,tcf,10677499,5,0.01,raw_tcf_score,6.248163454793666,100,100,1.0,0.01
arima_bls,arima,bls,10677499,5,0.01,arima_bls_score,7.0314057631054245,100,100,1.0,0.01
arima_tcf,arima,tcf,10677499,5,0.01,arima_tcf_score,10.46964253268476,100,100,1.0,0.01
kalman_bls,kalman,bls,10677499,5,0.01,kalman_bls_score,5.868320362217028,100,100,1.0,0.01
kalman_tcf,kalman,tcf,10677499,5,0.01,kalman_tcf_score,8.61835883092933,100,100,1.0,0.01
gp_bls,gp,bls,10677499,5,0.01,gp_bls_score,4.983873749115591,100,100,1.0,0.01
gp_tcf,gp,tcf,10677499,5,0.01,gp_tcf_score,7.58604862368261,100,100,1.0,0.01
raw_bls,raw,bls,3657874,5,0.01,raw_bls_score,4.556195243294534,100,100,1.0,0.01
raw_tcf,raw,tcf,3657874,5,0.01,raw_tcf_score,6.445187278358738,100,100,1.0,0.01
arima_bls,arima,bls,3657874,5,0.01,arima_bls_score,6.2259474401209385,100,100,1.0,0.01
arima_tcf,arima,tcf,3657874,5,0.01,arima_tcf_score,7.758318120717809,100,100,1.0,0.01
kalman_bls,kalman,bls,3657874,5,0.01,kalman_bls_score,5.813734809000218,100,100,1.0,0.01
kalman_tcf,kalman,tcf,3657874,5,0.01,kalman_tcf_score,8.045054204616463,100,100,1.0,0.01
gp_bls,gp,bls,3657874,5,0.01,gp_bls_score,6.151157807941649,100,100,1.0,0.01
gp_tcf,gp,tcf,3657874,5,0.01,gp_tcf_score,6.3271087387098195,100,100,1.0,0.01
raw_bls,raw,bls,7771970,5,0.01,raw_bls_score,5.4117026211603045,100,100,1.0,0.01
raw_tcf,raw,tcf,7771970,5,0.01,raw_tcf_score,5.5268784154432335,100,100,1.0,0.01
arima_bls,arima,bls,7771970,5,0.01,arima_bls_score,7.200835636502214,100,100,1.0,0.01
arima_tcf,arima,tcf,7771970,5,0.01,arima_tcf_score,8.916522548955243,100,100,1.0,0.01
kalman_bls,kalman,bls,7771970,5,0.01,kalman_bls_score,7.177236587909432,100,100,1.0,0.01
kalman_tcf,kalman,tcf,7771970,5,0.01,kalman_tcf_score,9.364986498106909,100,100,1.0,0.01
gp_bls,gp,bls,7771970,5,0.01,gp_bls_score,5.796764920636076,100,100,1.0,0.01
gp_tcf,gp,tcf,7771970,5,0.01,gp_tcf_score,7.541997590582331,100,100,1.0,0.01
raw_bls,raw,bls,7031686,5,0.01,raw_bls_score,4.9230514135304375,100,100,1.0,0.01
raw_tcf,raw,tcf,7031686,5,0.01,raw_tcf_score,6.836388536482165,100,100,1.0,0.01
arima_bls,arima,bls,7031686,5,0.01,arima_bls_score,7.461246724627601,100,100,1.0,0.01
arima_tcf,arima,tcf,7031686,5,0.01,arima_tcf_score,12.96581387606966,100,100,1.0,0.01
kalman_bls,kalman,bls,7031686,5,0.01,kalman_bls_score,7.324983902354976,100,100,1.0,0.01
kalman_tcf,kalman,tcf,7031686,5,0.01,kalman_tcf_score,15.944768893391956,100,100,1.0,0.01
gp_bls,gp,bls,7031686,5,0.01,gp_bls_score,5.407142181010555,100,100,1.0,0.01
gp_tcf,gp,tcf,7031686,5,0.01,gp_tcf_score,9.743611367189098,100,100,1.0,0.01
raw_bls,raw,bls,9414701,5,0.01,raw_bls_score,5.252932354533539,100,100,1.0,0.01
raw_tcf,raw,tcf,9414701,5,0.01,raw_tcf_score,8.110848987874688,100,100,1.0,0.01
arima_bls,arima,bls,9414701,5,0.01,arima_bls_score,6.9387257425930144,100,100,1.0,0.01
arima_tcf,arima,tcf,9414701,5,0.01,arima_tcf_score,11.834721872086794,100,100,1.0,0.01
kalman_bls,kalman,bls,9414701,5,0.01,kalman_bls_score,7.159155361063203,100,100,1.0,0.01
kalman_tcf,kalman,tcf,9414701,5,0.01,kalman_tcf_score,13.752949868160526,100,100,1.0,0.01
gp_bls,gp,bls,9414701,5,0.01,gp_bls_score,6.584872469145871,100,100,1.0,0.01
gp_tcf,gp,tcf,9414701,5,0.01,gp_tcf_score,11.577334764039882,100,100,1.0,0.01
raw_bls,raw,bls,9451256,5,0.01,raw_bls_score,5.15756465187771,100,100,1.0,0.01
raw_tcf,raw,tcf,9451256,5,0.01,raw_tcf_score,10.444377547710644,100,100,1.0,0.01
arima_bls,arima,bls,9451256,5,0.01,arima_bls_score,7.409276643176024,100,100,1.0,0.01
arima_tcf,arima,tcf,9451256,5,0.01,arima_tcf_score,9.004729098455973,100,100,1.0,0.01
kalman_bls,kalman,bls,9451256,5,0.01,kalman_bls_score,6.334398157259374,100,100,1.0,0.01
kalman_tcf,kalman,tcf,9451256,5,0.01,kalman_tcf_score,12.366159416952726,100,100,1.0,0.01
gp_bls,gp,bls,9451256,5,0.01,gp_bls_score,5.272558028338684,100,100,1.0,0.01
gp_tcf,gp,tcf,9451256,5,0.01,gp_tcf_score,6.56869484499231,100,100,1.0,0.01
raw_bls,raw,bls,9542723,5,0.01,raw_bls_score,5.414087459428193,100,100,1.0,0.01
raw_tcf,raw,tcf,9542723,5,0.01,raw_tcf_score,7.032896724451676,100,100,1.0,0.01
arima_bls,arima,bls,9542723,5,0.01,arima_bls_score,8.542039723804702,100,100,1.0,0.01
arima_tcf,arima,tcf,9542723,5,0.01,arima_tcf_score,10.987616358059316,100,100,1.0,0.01
kalman_bls,kalman,bls,9542723,5,0.01,kalman_bls_score,6.208032901375829,100,100,1.0,0.01
kalman_tcf,kalman,tcf,9542723,5,0.01,kalman_tcf_score,13.683022021258378,100,100,1.0,0.01
gp_bls,gp,bls,9542723,5,0.01,gp_bls_score,6.86262348149999,100,100,1.0,0.01
gp_tcf,gp,tcf,9542723,5,0.01,gp_tcf_score,14.48867508048936,100,100,1.0,0.01
raw_bls,raw,bls,9603403,5,0.01,raw_bls_score,5.430305770361746,100,100,1.0,0.01
raw_tcf,raw,tcf,9603403,5,0.01,raw_tcf_score,6.20538084051656,100,100,1.0,0.01
arima_bls,arima,bls,9603403,5,0.01,arima_bls_score,7.553932589381259,100,100,1.0,0.01
arima_tcf,arima,tcf,9603403,5,0.01,arima_tcf_score,16.37515608689418,100,100,1.0,0.01
kalman_bls,kalman,bls,9603403,5,0.01,kalman_bls_score,7.707240089914545,100,100,1.0,0.01
kalman_tcf,kalman,tcf,9603403,5,0.01,kalman_tcf_score,29.41267393670839,100,100,1.0,0.01
gp_bls,gp,bls,9603403,5,0.01,gp_bls_score,5.8118475437991615,100,100,1.0,0.01
gp_tcf,gp,tcf,9603403,5,0.01,gp_tcf_score,8.33969741536131,100,100,1.0,0.01
raw_bls,raw,bls,9827856,5,0.01,raw_bls_score,4.818729917591539,100,100,1.0,0.01
raw_tcf,raw,tcf,9827856,5,0.01,raw_tcf_score,5.712613151381492,100,100,1.0,0.01
arima_bls,arima,bls,9827856,5,0.01,arima_bls_score,6.688828584329289,100,100,1.0,0.01
arima_tcf,arima,tcf,9827856,5,0.01,arima_tcf_score,20.621978885010385,100,100,1.0,0.01
kalman_bls,kalman,bls,9827856,5,0.01,kalman_bls_score,6.7377349124446635,100,100,1.0,0.01
kalman_tcf,kalman,tcf,9827856,5,0.01,kalman_tcf_score,23.293064938634256,100,100,1.0,0.01
gp_bls,gp,bls,9827856,5,0.01,gp_bls_score,5.225236060093928,100,100,1.0,0.01
gp_tcf,gp,tcf,9827856,5,0.01,gp_tcf_score,13.454609999742171,100,100,1.0,0.01
raw_bls,raw,bls,11245408,5,0.01,raw_bls_score,5.1586456073431055,100,100,1.0,0.01
raw_tcf,raw,tcf,11245408,5,0.01,raw_tcf_score,6.5590231593827815,100,100,1.0,0.01
arima_bls,arima,bls,11245408,5,0.01,arima_bls_score,7.458693710140454,100,100,1.0,0.01
arima_tcf,arima,tcf,11245408,5,0.01,arima_tcf_score,7.345329101359274,100,100,1.0,0.01
kalman_bls,kalman,bls,11245408,5,0.01,kalman_bls_score,6.554791606504508,100,100,1.0,0.01
kalman_tcf,kalman,tcf,11245408,5,0.01,kalman_tcf_score,7.867423385230569,100,100,1.0,0.01
gp_bls,gp,bls,11245408,5,0.01,gp_bls_score,5.292739778854961,100,100,1.0,0.01
gp_tcf,gp,tcf,11245408,5,0.01,gp_tcf_score,8.02934546954039,100,100,1.0,0.01
raw_bls,raw,bls,11414923,5,0.01,raw_bls_score,5.055390088447035,100,100,1.0,0.01
raw_tcf,raw,tcf,11414923,5,0.01,raw_tcf_score,7.411811286491012,100,100,1.0,0.01
arima_bls,arima,bls,11414923,5,0.01,arima_bls_score,8.24459462754043,100,100,1.0,0.01
arima_tcf,arima,tcf,11414923,5,0.01,arima_tcf_score,8.51507065559053,100,100,1.0,0.01
kalman_bls,kalman,bls,11414923,5,0.01,kalman_bls_score,6.468567389070546,100,100,1.0,0.01
kalman_tcf,kalman,tcf,11414923,5,0.01,kalman_tcf_score,9.7100897913071,100,100,1.0,0.01
gp_bls,gp,bls,11414923,5,0.01,gp_bls_score,5.207242495826121,100,100,1.0,0.01
gp_tcf,gp,tcf,11414923,5,0.01,gp_tcf_score,7.39597330357211,100,100,1.0,0.01
raw_bls,raw,bls,10718455,5,0.01,raw_bls_score,4.963634751913259,100,100,1.0,0.01
raw_tcf,raw,tcf,10718455,5,0.01,raw_tcf_score,7.816308895026225,100,100,1.0,0.01
arima_bls,arima,bls,10718455,5,0.01,arima_bls_score,7.053866207832016,100,100,1.0,0.01
arima_tcf,arima,tcf,10718455,5,0.01,arima_tcf_score,9.885637379766958,100,100,1.0,0.01
kalman_bls,kalman,bls,10718455,5,0.01,kalman_bls_score,6.7270966496612425,100,100,1.0,0.01
kalman_tcf,kalman,tcf,10718455,5,0.01,kalman_tcf_score,7.939407800466199,100,100,1.0,0.01
gp_bls,gp,bls,10718455,5,0.01,gp_bls_score,7.052579843534934,100,100,1.0,0.01
gp_tcf,gp,tcf,10718455,5,0.01,gp_tcf_score,8.96320694965266,100,100,1.0,0.01
raw_bls,raw,bls,2571934,5,0.01,raw_bls_score,4.951085935907547,100,100,1.0,0.01
raw_tcf,raw,tcf,2571934,5,0.01,raw_tcf_score,7.14320568558708,100,100,1.0,0.01
arima_bls,arima,bls,2571934,5,0.01,arima_bls_score,8.27507023945712,100,100,1.0,0.01
arima_tcf,arima,tcf,2571934,5,0.01,arima_tcf_score,9.083697485801617,100,100,1.0,0.01
kalman_bls,kalman,bls,2571934,5,0.01,kalman_bls_score,6.089272979815495,100,100,1.0,0.01
kalman_tcf,kalman,tcf,2571934,5,0.01,kalman_tcf_score,8.740878414388405,100,100,1.0,0.01
gp_bls,gp,bls,2571934,5,0.01,gp_bls_score,5.918788567201618,100,100,1.0,0.01
gp_tcf,gp,tcf,2571934,5,0.01,gp_tcf_score,8.933879336991636,100,100,1.0,0.01
raw_bls,raw,bls,3832957,5,0.01,raw_bls_score,4.3791756444832926,100,100,1.0,0.01
raw_tcf,raw,tcf,3832957,5,0.01,raw_tcf_score,6.65151466606131,100,100,1.0,0.01
arima_bls,arima,bls,3832957,5,0.01,arima_bls_score,7.44725070734748,100,100,1.0,0.01
arima_tcf,arima,tcf,3832957,5,0.01,arima_tcf_score,11.885897508527275,100,100,1.0,0.01
kalman_bls,kalman,bls,3832957,5,0.01,kalman_bls_score,7.350667594991733,100,100,1.0,0.01
kalman_tcf,kalman,tcf,3832957,5,0.01,kalman_tcf_score,9.161315188825222,100,100,1.0,0.01
gp_bls,gp,bls,3832957,5,0.01,gp_bls_score,5.697638988529004,100,100,1.0,0.01
gp_tcf,gp,tcf,3832957,5,0.01,gp_tcf_score,7.860813278755737,100,100,1.0,0.01
raw_bls,raw,bls,5268387,5,0.01,raw_bls_score,6.338856857948137,100,100,1.0,0.01
raw_tcf,raw,tcf,5268387,5,0.01,raw_tcf_score,7.302567620345171,100,100,1.0,0.01
arima_bls,arima,bls,5268387,5,0.01,arima_bls_score,7.847260056203131,100,100,1.0,0.01
arima_tcf,arima,tcf,5268387,5,0.01,arima_tcf_score,8.189080932591732,100,100,1.0,0.01
kalman_bls,kalman,bls,5268387,5,0.01,kalman_bls_score,6.104081561701606,100,100,1.0,0.01
kalman_tcf,kalman,tcf,5268387,5,0.01,kalman_tcf_score,10.977471583323352,100,100,1.0,0.01
gp_bls,gp,bls,5268387,5,0.01,gp_bls_score,5.8133786728976515,100,100,1.0,0.01
gp_tcf,gp,tcf,5268387,5,0.01,gp_tcf_score,9.731866714626952,100,100,1.0,0.01
raw_bls,raw,bls,7989712,5,0.01,raw_bls_score,5.699729485243828,100,100,1.0,0.01
raw_tcf,raw,tcf,7989712,5,0.01,raw_tcf_score,6.581853728372912,100,100,1.0,0.01
arima_bls,arima,bls,7989712,5,0.01,arima_bls_score,5.387173931513248,100,100,1.0,0.01
arima_tcf,arima,tcf,7989712,5,0.01,arima_tcf_score,9.77163794667982,100,100,1.0,0.01
kalman_bls,kalman,bls,7989712,5,0.01,kalman_bls_score,5.801046165809694,100,100,1.0,0.01
kalman_tcf,kalman,tcf,7989712,5,0.01,kalman_tcf_score,12.319957630342468,100,100,1.0,0.01
gp_bls,gp,bls,7989712,5,0.01,gp_bls_score,5.3640512373998765,100,100,1.0,0.01
gp_tcf,gp,tcf,7989712,5,0.01,gp_tcf_score,7.053857386907827,100,100,1.0,0.01
raw_bls,raw,bls,8038388,5,0.01,raw_bls_score,5.07279468170862,100,100,1.0,0.01
raw_tcf,raw,tcf,8038388,5,0.01,raw_tcf_score,7.271770903790511,100,100,1.0,0.01
arima_bls,arima,bls,8038388,5,0.01,arima_bls_score,7.001759062833447,100,100,1.0,0.01
arima_tcf,arima,tcf,8038388,5,0.01,arima_tcf_score,7.652117658680412,100,100,1.0,0.01
kalman_bls,kalman,bls,8038388,5,0.01,kalman_bls_score,6.718998452431512,100,100,1.0,0.01
kalman_tcf,kalman,tcf,8038388,5,0.01,kalman_tcf_score,7.3678466508874445,100,100,1.0,0.01
gp_bls,gp,bls,8038388,5,0.01,gp_bls_score,5.077549653862436,100,100,1.0,0.01
gp_tcf,gp,tcf,8038388,5,0.01,gp_tcf_score,7.679465435337529,100,100,1.0,0.01
raw_bls,raw,bls,8277175,5,0.01,raw_bls_score,5.603945993392407,100,100,1.0,0.01
raw_tcf,raw,tcf,8277175,5,0.01,raw_tcf_score,6.456980486298293,100,100,1.0,0.01
arima_bls,arima,bls,8277175,5,0.01,arima_bls_score,6.336506621788253,100,100,1.0,0.01
arima_tcf,arima,tcf,8277175,5,0.01,arima_tcf_score,37.06864927172003,100,100,1.0,0.01
kalman_bls,kalman,bls,8277175,5,0.01,kalman_bls_score,5.7719803722969,100,100,1.0,0.01
kalman_tcf,kalman,tcf,8277175,5,0.01,kalman_tcf_score,24.14375131148628,100,100,1.0,0.01
gp_bls,gp,bls,8277175,5,0.01,gp_bls_score,6.910804302824623,100,100,1.0,0.01
gp_tcf,gp,tcf,8277175,5,0.01,gp_tcf_score,27.969006330847854,100,100,1.0,0.01
raw_bls,raw,bls,8327995,5,0.01,raw_bls_score,4.8951451432152995,100,100,1.0,0.01
raw_tcf,raw,tcf,8327995,5,0.01,raw_tcf_score,6.8071287126105755,100,100,1.0,0.01
arima_bls,arima,bls,8327995,5,0.01,arima_bls_score,7.238536599978012,100,100,1.0,0.01
arima_tcf,arima,tcf,8327995,5,0.01,arima_tcf_score,7.799977013808603,100,100,1.0,0.01
kalman_bls,kalman,bls,8327995,5,0.01,kalman_bls_score,6.993409751332606,100,100,1.0,0.01
kalman_tcf,kalman,tcf,8327995,5,0.01,kalman_tcf_score,8.006950002387706,100,100,1.0,0.01
gp_bls,gp,bls,8327995,5,0.01,gp_bls_score,6.20905628469619,100,100,1.0,0.01
gp_tcf,gp,tcf,8327995,5,0.01,gp_tcf_score,7.999949007434936,100,100,1.0,0.01
raw_bls,raw,bls,10223890,5,0.01,raw_bls_score,5.488527043303623,100,100,1.0,0.01
raw_tcf,raw,tcf,10223890,5,0.01,raw_tcf_score,6.973728894164606,100,100,1.0,0.01
arima_bls,arima,bls,10223890,5,0.01,arima_bls_score,7.156754992903294,100,100,1.0,0.01
arima_tcf,arima,tcf,10223890,5,0.01,arima_tcf_score,7.832328979846852,100,100,1.0,0.01
kalman_bls,kalman,bls,10223890,5,0.01,kalman_bls_score,7.486120030702173,100,100,1.0,0.01
kalman_tcf,kalman,tcf,10223890,5,0.01,kalman_tcf_score,10.104500180208928,100,100,1.0,0.01
gp_bls,gp,bls,10223890,5,0.01,gp_bls_score,5.5172280362364585,100,100,1.0,0.01
gp_tcf,gp,tcf,10223890,5,0.01,gp_tcf_score,7.786177373468151,100,100,1.0,0.01
raw_bls,raw,bls,2715763,5,0.01,raw_bls_score,6.118056600616417,100,100,1.0,0.01
raw_tcf,raw,tcf,2715763,5,0.01,raw_tcf_score,11.108031354720708,100,100,1.0,0.01
arima_bls,arima,bls,2715763,5,0.01,arima_bls_score,6.512229998083789,100,100,1.0,0.01
arima_tcf,arima,tcf,2715763,5,0.01,arima_tcf_score,9.227339768780563,100,100,1.0,0.01
kalman_bls,kalman,bls,2715763,5,0.01,kalman_bls_score,6.679858886856338,100,100,1.0,0.01
kalman_tcf,kalman,tcf,2715763,5,0.01,kalman_tcf_score,15.73643498983198,100,100,1.0,0.01
gp_bls,gp,bls,2715763,5,0.01,gp_bls_score,5.685947872669399,100,100,1.0,0.01
gp_tcf,gp,tcf,2715763,5,0.01,gp_tcf_score,9.782578327572889,100,100,1.0,0.01
raw_bls,raw,bls,4375186,5,0.01,raw_bls_score,5.080843291352102,100,100,1.0,0.01
raw_tcf,raw,tcf,4375186,5,0.01,raw_tcf_score,7.544196438796763,100,100,1.0,0.01
arima_bls,arima,bls,4375186,5,0.01,arima_bls_score,7.632285150241543,100,100,1.0,0.01
arima_tcf,arima,tcf,4375186,5,0.01,arima_tcf_score,8.33252834630702,100,100,1.0,0.01
kalman_bls,kalman,bls,4375186,5,0.01,kalman_bls_score,6.733942750827948,100,100,1.0,0.01
kalman_tcf,kalman,tcf,4375186,5,0.01,kalman_tcf_score,8.169911723690577,100,100,1.0,0.01
gp_bls,gp,bls,4375186,5,0.01,gp_bls_score,5.488768415959195,100,100,1.0,0.01
gp_tcf,gp,tcf,4375186,5,0.01,gp_tcf_score,8.209777959023773,100,100,1.0,0.01
raw_bls,raw,bls,5880602,5,0.01,raw_bls_score,5.14372655487077,100,100,1.0,0.01
raw_tcf,raw,tcf,5880602,5,0.01,raw_tcf_score,9.321900477144938,100,100,1.0,0.01
arima_bls,arima,bls,5880602,5,0.01,arima_bls_score,7.601262735944035,100,100,1.0,0.01
arima_tcf,arima,tcf,5880602,5,0.01,arima_tcf_score,8.908340299830165,100,100,1.0,0.01
kalman_bls,kalman,bls,5880602,5,0.01,kalman_bls_score,6.006571809208476,100,100,1.0,0.01
kalman_tcf,kalman,tcf,5880602,5,0.01,kalman_tcf_score,11.311535241981332,100,100,1.0,0.01
gp_bls,gp,bls,5880602,5,0.01,gp_bls_score,5.189311158420211,100,100,1.0,0.01
gp_tcf,gp,tcf,5880602,5,0.01,gp_tcf_score,7.922000466535324,100,100,1.0,0.01
raw_bls,raw,bls,5961063,5,0.01,raw_bls_score,5.563070034255953,100,100,1.0,0.01
raw_tcf,raw,tcf,5961063,5,0.01,raw_tcf_score,7.410012049045329,100,100,1.0,0.01
arima_bls,arima,bls,5961063,5,0.01,arima_bls_score,7.382622184614974,100,100,1.0,0.01
arima_tcf,arima,tcf,5961063,5,0.01,arima_tcf_score,8.190122003138875,100,100,1.0,0.01
kalman_bls,kalman,bls,5961063,5,0.01,kalman_bls_score,7.731212387641323,100,100,1.0,0.01
kalman_tcf,kalman,tcf,5961063,5,0.01,kalman_tcf_score,15.931491091465173,100,100,1.0,0.01
gp_bls,gp,bls,5961063,5,0.01,gp_bls_score,6.676548047935977,100,100,1.0,0.01
gp_tcf,gp,tcf,5961063,5,0.01,gp_tcf_score,8.21957011257662,100,100,1.0,0.01
raw_bls,raw,bls,6129877,5,0.01,raw_bls_score,5.195394248121194,100,100,1.0,0.01
raw_tcf,raw,tcf,6129877,5,0.01,raw_tcf_score,11.213913323366324,100,100,1.0,0.01
arima_bls,arima,bls,6129877,5,0.01,arima_bls_score,7.640184414512013,100,100,1.0,0.01
arima_tcf,arima,tcf,6129877,5,0.01,arima_tcf_score,10.522456823532194,100,100,1.0,0.01
kalman_bls,kalman,bls,6129877,5,0.01,kalman_bls_score,8.546125389039611,100,100,1.0,0.01
kalman_tcf,kalman,tcf,6129877,5,0.01,kalman_tcf_score,15.899198065591268,100,100,1.0,0.01
gp_bls,gp,bls,6129877,5,0.01,gp_bls_score,6.01202477373123,100,100,1.0,0.01
gp_tcf,gp,tcf,6129877,5,0.01,gp_tcf_score,14.475583105762585,100,100,1.0,0.01
raw_bls,raw,bls,7024325,5,0.01,raw_bls_score,6.304644555075471,100,100,1.0,0.01
raw_tcf,raw,tcf,7024325,5,0.01,raw_tcf_score,9.232466914232436,100,100,1.0,0.01
arima_bls,arima,bls,7024325,5,0.01,arima_bls_score,7.692026369691328,100,100,1.0,0.01
arima_tcf,arima,tcf,7024325,5,0.01,arima_tcf_score,8.08758743959696,100,100,1.0,0.01
kalman_bls,kalman,bls,7024325,5,0.01,kalman_bls_score,7.243018374244217,100,100,1.0,0.01
kalman_tcf,kalman,tcf,7024325,5,0.01,kalman_tcf_score,13.694127703082174,100,100,1.0,0.01
gp_bls,gp,bls,7024325,5,0.01,gp_bls_score,6.418776530508406,100,100,1.0,0.01
gp_tcf,gp,tcf,7024325,5,0.01,gp_tcf_score,8.132099479074963,100,100,1.0,0.01
raw_bls,raw,bls,7949968,5,0.01,raw_bls_score,7.0859394794899675,100,100,1.0,0.01
raw_tcf,raw,tcf,7949968,5,0.01,raw_tcf_score,8.731891506336895,100,100,1.0,0.01
arima_bls,arima,bls,7949968,5,0.01,arima_bls_score,7.220451045636139,100,100,1.0,0.01
arima_tcf,arima,tcf,7949968,5,0.01,arima_tcf_score,8.77815908493904,100,100,1.0,0.01
kalman_bls,kalman,bls,7949968,5,0.01,kalman_bls_score,6.83838186326949,100,100,1.0,0.01
kalman_tcf,kalman,tcf,7949968,5,0.01,kalman_tcf_score,11.625047391412767,100,100,1.0,0.01
gp_bls,gp,bls,7949968,5,0.01,gp_bls_score,6.36879341198685,100,100,1.0,0.01
gp_tcf,gp,tcf,7949968,5,0.01,gp_tcf_score,10.299682817123118,100,100,1.0,0.01
raw_bls,raw,bls,8487804,5,0.01,raw_bls_score,5.999092941867834,100,100,1.0,0.01
raw_tcf,raw,tcf,8487804,5,0.01,raw_tcf_score,13.968068827152615,100,100,1.0,0.01
arima_bls,arima,bls,8487804,5,0.01,arima_bls_score,7.958334003959373,100,100,1.0,0.01
arima_tcf,arima,tcf,8487804,5,0.01,arima_tcf_score,12.537365408461952,100,100,1.0,0.01
kalman_bls,kalman,bls,8487804,5,0.01,kalman_bls_score,6.268790521655522,100,100,1.0,0.01
kalman_tcf,kalman,tcf,8487804,5,0.01,kalman_tcf_score,12.127289444385967,100,100,1.0,0.01
gp_bls,gp,bls,8487804,5,0.01,gp_bls_score,6.20126310324692,100,100,1.0,0.01
gp_tcf,gp,tcf,8487804,5,0.01,gp_tcf_score,12.015460117359572,100,100,1.0,0.01
raw_bls,raw,bls,9147169,5,0.01,raw_bls_score,5.268055830678569,100,100,1.0,0.01
raw_tcf,raw,tcf,9147169,5,0.01,raw_tcf_score,7.746379465796017,100,100,1.0,0.01
arima_bls,arima,bls,9147169,5,0.01,arima_bls_score,8.473397688415167,100,100,1.0,0.01
arima_tcf,arima,tcf,9147169,5,0.01,arima_tcf_score,7.313708135558647,100,100,1.0,0.01
kalman_bls,kalman,bls,9147169,5,0.01,kalman_bls_score,6.650294842199678,100,100,1.0,0.01
kalman_tcf,kalman,tcf,9147169,5,0.01,kalman_tcf_score,10.428953584748356,100,100,1.0,0.01
gp_bls,gp,bls,9147169,5,0.01,gp_bls_score,5.487646718868159,100,100,1.0,0.01
gp_tcf,gp,tcf,9147169,5,0.01,gp_tcf_score,8.282239852041416,100,100,1.0,0.01
raw_bls,raw,bls,11450313,5,0.01,raw_bls_score,5.193979259708923,100,100,1.0,0.01
raw_tcf,raw,tcf,11450313,5,0.01,raw_tcf_score,7.137455637484943,100,100,1.0,0.01
arima_bls,arima,bls,11450313,5,0.01,arima_bls_score,7.859224421799898,100,100,1.0,0.01
arima_tcf,arima,tcf,11450313,5,0.01,arima_tcf_score,9.584758418981751,100,100,1.0,0.01
kalman_bls,kalman,bls,11450313,5,0.01,kalman_bls_score,8.411999924171191,100,100,1.0,0.01
kalman_tcf,kalman,tcf,11450313,5,0.01,kalman_tcf_score,13.118976647204118,100,100,1.0,0.01
gp_bls,gp,bls,11450313,5,0.01,gp_bls_score,5.240134924594061,100,100,1.0,0.01
gp_tcf,gp,tcf,11450313,5,0.01,gp_tcf_score,8.265221753216977,100,100,1.0,0.01
raw_bls,raw,bls,11666946,5,0.01,raw_bls_score,5.292210335817128,100,100,1.0,0.01
raw_tcf,raw,tcf,11666946,5,0.01,raw_tcf_score,7.861127413864651,100,100,1.0,0.01
arima_bls,arima,bls,11666946,5,0.01,arima_bls_score,7.143978256566458,100,100,1.0,0.01
arima_tcf,arima,tcf,11666946,5,0.01,arima_tcf_score,8.99906783812931,100,100,1.0,0.01
kalman_bls,kalman,bls,11666946,5,0.01,kalman_bls_score,7.207638528812109,100,100,1.0,0.01
kalman_tcf,kalman,tcf,11666946,5,0.01,kalman_tcf_score,8.269399203327865,100,100,1.0,0.01
gp_bls,gp,bls,11666946,5,0.01,gp_bls_score,7.159683787425217,100,100,1.0,0.01
gp_tcf,gp,tcf,11666946,5,0.01,gp_tcf_score,7.921291756313048,100,100,1.0,0.01
raw_bls,raw,bls,4471641,5,0.01,raw_bls_score,6.0161206550253725,100,100,1.0,0.01
raw_tcf,raw,tcf,4471641,5,0.01,raw_tcf_score,7.300541589139078,100,100,1.0,0.01
arima_bls,arima,bls,4471641,5,0.01,arima_bls_score,5.841619553832788,100,100,1.0,0.01
arima_tcf,arima,tcf,4471641,5,0.01,arima_tcf_score,7.676725624938468,100,100,1.0,0.01
kalman_bls,kalman,bls,4471641,5,0.01,kalman_bls_score,5.528081321877926,100,100,1.0,0.01
kalman_tcf,kalman,tcf,4471641,5,0.01,kalman_tcf_score,13.873079410531384,100,100,1.0,0.01
gp_bls,gp,bls,4471641,5,0.01,gp_bls_score,5.179876167078692,100,100,1.0,0.01
gp_tcf,gp,tcf,4471641,5,0.01,gp_tcf_score,6.97270750077572,100,100,1.0,0.01
raw_bls,raw,bls,2309943,5,0.01,raw_bls_score,5.884861097657169,100,100,1.0,0.01
raw_tcf,raw,tcf,2309943,5,0.01,raw_tcf_score,17.39251373270912,100,100,1.0,0.01
arima_bls,arima,bls,2309943,5,0.01,arima_bls_score,7.416588799537823,100,100,1.0,0.01
arima_tcf,arima,tcf,2309943,5,0.01,arima_tcf_score,28.252473174201477,100,100,1.0,0.01
kalman_bls,kalman,bls,2309943,5,0.01,kalman_bls_score,6.791175043386263,100,100,1.0,0.01
kalman_tcf,kalman,tcf,2309943,5,0.01,kalman_tcf_score,28.11021733910359,100,100,1.0,0.01
gp_bls,gp,bls,2309943,5,0.01,gp_bls_score,8.0423687321741,100,100,1.0,0.01
gp_tcf,gp,tcf,2309943,5,0.01,gp_tcf_score,44.18007219946002,100,100,1.0,0.01
raw_bls,raw,bls,6151368,5,0.01,raw_bls_score,5.843986274018111,100,100,1.0,0.01
raw_tcf,raw,tcf,6151368,5,0.01,raw_tcf_score,6.341848693830689,100,100,1.0,0.01
arima_bls,arima,bls,6151368,5,0.01,arima_bls_score,7.345215945700404,100,100,1.0,0.01
arima_tcf,arima,tcf,6151368,5,0.01,arima_tcf_score,8.846986597490123,100,100,1.0,0.01
kalman_bls,kalman,bls,6151368,5,0.01,kalman_bls_score,6.355908278050789,100,100,1.0,0.01
kalman_tcf,kalman,tcf,6151368,5,0.01,kalman_tcf_score,8.656533735592783,100,100,1.0,0.01
gp_bls,gp,bls,6151368,5,0.01,gp_bls_score,5.126757076815857,100,100,1.0,0.01
gp_tcf,gp,tcf,6151368,5,0.01,gp_tcf_score,5.985113684644574,100,100,1.0,0.01
raw_bls,raw,bls,8212082,5,0.01,raw_bls_score,5.294409945392996,100,100,1.0,0.01
raw_tcf,raw,tcf,8212082,5,0.01,raw_tcf_score,7.259247139222856,100,100,1.0,0.01
arima_bls,arima,bls,8212082,5,0.01,arima_bls_score,7.645863762502709,100,100,1.0,0.01
arima_tcf,arima,tcf,8212082,5,0.01,arima_tcf_score,8.490633658269783,100,100,1.0,0.01
kalman_bls,kalman,bls,8212082,5,0.01,kalman_bls_score,6.245980034913269,100,100,1.0,0.01
kalman_tcf,kalman,tcf,8212082,5,0.01,kalman_tcf_score,8.600554603873706,100,100,1.0,0.01
gp_bls,gp,bls,8212082,5,0.01,gp_bls_score,5.813626916752669,100,100,1.0,0.01
gp_tcf,gp,tcf,8212082,5,0.01,gp_tcf_score,11.042205973007318,100,100,1.0,0.01
raw_bls,raw,bls,8414473,5,0.01,raw_bls_score,4.964047750643695,100,100,1.0,0.01
raw_tcf,raw,tcf,8414473,5,0.01,raw_tcf_score,6.9842135643384555,100,100,1.0,0.01
arima_bls,arima,bls,8414473,5,0.01,arima_bls_score,5.977681151276846,100,100,1.0,0.01
arima_tcf,arima,tcf,8414473,5,0.01,arima_tcf_score,36.045372994521784,100,100,1.0,0.01
kalman_bls,kalman,bls,8414473,5,0.01,kalman_bls_score,5.937374446307426,100,100,1.0,0.01
kalman_tcf,kalman,tcf,8414473,5,0.01,kalman_tcf_score,7.751492694531957,100,100,1.0,0.01
gp_bls,gp,bls,8414473,5,0.01,gp_bls_score,4.99459309810672,100,100,1.0,0.01
gp_tcf,gp,tcf,8414473,5,0.01,gp_tcf_score,7.744583806042938,100,100,1.0,0.01
raw_bls,raw,bls,8442207,5,0.01,raw_bls_score,5.207617825496006,100,100,1.0,0.01
raw_tcf,raw,tcf,8442207,5,0.01,raw_tcf_score,8.816649802326255,100,100,1.0,0.01
arima_bls,arima,bls,8442207,5,0.01,arima_bls_score,9.17913585732698,100,100,1.0,0.01
arima_tcf,arima,tcf,8442207,5,0.01,arima_tcf_score,9.085023944035305,100,100,1.0,0.01
kalman_bls,kalman,bls,8442207,5,0.01,kalman_bls_score,7.291280117209489,100,100,1.0,0.01
kalman_tcf,kalman,tcf,8442207,5,0.01,kalman_tcf_score,11.36484283502737,100,100,1.0,0.01
gp_bls,gp,bls,8442207,5,0.01,gp_bls_score,6.422640954058148,100,100,1.0,0.01
gp_tcf,gp,tcf,8442207,5,0.01,gp_tcf_score,9.779868559715457,100,100,1.0,0.01
raw_bls,raw,bls,8939341,5,0.01,raw_bls_score,5.172611497945305,100,100,1.0,0.01
raw_tcf,raw,tcf,8939341,5,0.01,raw_tcf_score,8.922806114670168,100,100,1.0,0.01
arima_bls,arima,bls,8939341,5,0.01,arima_bls_score,6.225892119377183,100,100,1.0,0.01
arima_tcf,arima,tcf,8939341,5,0.01,arima_tcf_score,24.935916689127,100,100,1.0,0.01
kalman_bls,kalman,bls,8939341,5,0.01,kalman_bls_score,8.105568082400614,100,100,1.0,0.01
kalman_tcf,kalman,tcf,8939341,5,0.01,kalman_tcf_score,27.481961817947862,100,100,1.0,0.01
gp_bls,gp,bls,8939341,5,0.01,gp_bls_score,7.892125747620261,100,100,1.0,0.01
gp_tcf,gp,tcf,8939341,5,0.01,gp_tcf_score,26.318031880435665,100,100,1.0,0.01
raw_bls,raw,bls,9655727,5,0.01,raw_bls_score,5.975065985518294,100,100,1.0,0.01
raw_tcf,raw,tcf,9655727,5,0.01,raw_tcf_score,8.876501121871279,100,100,1.0,0.01
arima_bls,arima,bls,9655727,5,0.01,arima_bls_score,7.213538269276238,100,100,1.0,0.01
arima_tcf,arima,tcf,9655727,5,0.01,arima_tcf_score,24.35944735578274,100,100,1.0,0.01
kalman_bls,kalman,bls,9655727,5,0.01,kalman_bls_score,8.023103132292155,100,100,1.0,0.01
kalman_tcf,kalman,tcf,9655727,5,0.01,kalman_tcf_score,14.0287012138178,100,100,1.0,0.01
gp_bls,gp,bls,9655727,5,0.01,gp_bls_score,7.078069812102662,100,100,1.0,0.01
gp_tcf,gp,tcf,9655727,5,0.01,gp_tcf_score,10.330743799713428,100,100,1.0,0.01
