period_days,epoch_days,duration_hours,mes,max_ses,source_index,raw_rank,expected_event_count_event_check,valid_event_count,event_observability_fraction,positive_event_fraction,single_event_fraction,anti_dominance_score,combined_event_snr,leave_one_out_combined_snr_min,leave_one_out_ratio,leave_one_out_ratio_normalized,median_event_depth,event_depth_relative_mad,event_depth_weighted_mean,event_depth_weighted_mean_error,event_depth_chi2,event_depth_chi2_dof,event_depth_reduced_chi2,event_depth_chi2_pvalue,odd_even_tested,odd_event_count,even_event_count,odd_depth,even_depth,odd_even_depth_difference,odd_even_depth_difference_fraction,odd_even_depth_z,odd_even_depth_pvalue,robust_event_snr,robust_event_location,robust_event_weight_min,robust_event_effective_count,fails_min_events,fails_observability,fails_positive_events,fails_single_event_dominance,fails_leave_one_out,fails_depth_chi2,fails_odd_even,fails_robust_sign,diagnostic_consistency_veto_pass,diagnostic_veto_reason,veto_reason,event_consistent_flag,transit_consistency_veto_pass,consistency_weight,event_consistency_score,robust_veto_score,hardened_rank
13.547900345292874,443.65371667673026,9.808434639126062,98.91392472520872,,0.0,1.0,7,7,1.0,0.8571428571428571,0.3584707938766508,0.7484507404772407,2.8685167909878375,1.8514716555332005,0.6454456398338199,0.6971609711134897,0.000497562054420142,0.6204215730130452,0.00021030557526110764,8.995450874437229e-05,13.147463073958209,6,2.1912438456597014,0.04075308061770744,True,3,4,0.00036104417842166745,0.0001717766099397469,0.00018926756848192054,0.7104361264280838,0.8471942125223018,0.39688687885685664,2.8771852562805518,1.0931836868041718,0.7747562527554183,6.927066674275187,False,False,False,False,False,False,False,False,True,pass,pass,True,True,0.8177816752970473,80.88999507198722,98.91392472520872,1
13.793111211271023,456.2616421076018,9.808434639126062,97.49949475460834,,5.0,2.0,6,6,1.0,0.8333333333333334,0.3293396846019723,0.8047923784776332,3.8575566135063255,2.7882199358282347,0.7227943009484137,0.7917814861312477,0.0006876799648364018,0.8735520187857525,0.0005983395645566648,0.00013213610948053448,3.952774356053883,5,0.7905548712107766,0.556235175590254,True,3,3,0.0006646392256792182,0.0005843254290994194,8.03137965797988e-05,0.1286085979655419,0.23068390482291762,0.8175603784052563,3.8575566135063255,1.574840892831526,1.0,6.0,False,False,False,False,False,False,False,False,True,pass,pass,True,True,0.853644384690998,83.22989620748082,97.49949475460834,2
13.650071539450437,456.89510351498757,9.808434639126062,97.36361379878636,,6.0,3.0,6,6,1.0,0.8333333333333334,0.3559564028317971,0.7728523166018435,3.409064793909832,2.3504048728859583,0.6894573776024644,0.7552627163024537,0.00042738940064809827,0.7692226497059544,0.0006184924518098818,0.00015345121151484725,5.5632053338782255,5,1.112641066775645,0.3510649532047692,True,3,3,0.0007850514798596044,0.000537068377825597,0.00024798310203400734,0.3751295324588529,0.7589098356397734,0.447906494860702,3.409064793909832,1.3917448741942302,1.0,6.0,False,False,False,False,False,False,False,False,True,pass,pass,True,True,0.8351285450286668,81.31113313051348,97.36361379878636,3
13.936150883091614,455.6894834170598,9.808434639126062,91.4943762369516,,18.0,5.0,6,6,1.0,1.0,0.40368196323616395,0.7155816441166033,4.404264976313007,2.877014219781799,0.6532336803654959,0.7155816441166032,0.0007064536623235529,0.5815133522958411,0.0006513236135109915,0.00012267625659691256,3.273896652693143,5,0.6547793305386286,0.657840401329688,True,3,3,0.000557413634909374,0.0006686536570323555,-0.00011124002212298148,0.1814582655521461,-0.3288479828456065,0.7422705931282669,4.206873146710544,1.7213101439830731,0.8252107858472671,5.973110882379847,False,False,False,False,False,False,False,False,True,pass,pass,True,True,0.8459205897225833,77.396976702662,91.4943762369516,4
14.05875631608069,455.0968904875699,9.808434639126062,86.97861767794271,,33.0,6.0,6,6,1.0,1.0,0.3509150739544047,0.7789019112547143,4.288200591161277,3.0490689040752263,0.71103691146349,0.7789019112547142,0.0006600649882808063,0.4549974567407357,0.0006734694135622597,0.00014717983294866772,2.6795898141241663,5,0.5359179628248333,0.749238271138467,True,3,3,0.0005985682620665493,0.0007005415276996664,-0.00010197326563311706,0.1569894499085684,-0.3059546285754326,0.759639191373641,3.3767119182070355,1.5494044715406106,0.12478706472944699,4.74961504265174,False,False,False,False,False,False,False,False,True,pass,pass,True,True,0.8825541973469472,76.76334411110372,86.97861767794271,5
14.181361749069763,454.48386331913207,9.808434639126062,86.02218879838112,,42.0,7.0,6,6,1.0,0.8333333333333334,0.3967204852493174,0.7239354177008192,5.758930976457585,3.683382176897999,0.6395947775647258,0.7006409746693989,0.0006218284938338814,0.8280832733612523,0.0008698084769400586,0.00011493037010238839,8.774508158348908,5,1.7549016316697816,0.11840340343552264,True,3,3,0.0008991481079155077,0.0008456601247928409,5.348798312266678e-05,0.06131101644292562,0.2315987806459752,0.816849654668965,5.667811944692542,2.314499305246086,0.9382823063087878,5.996761197572003,False,False,False,False,False,False,False,False,True,pass,pass,True,True,0.8063127507088574,69.36078767201934,86.02218879838112,6
13.731808494776487,456.58858993076865,7.84674771130085,85.66257205657405,,46.0,9.0,6,6,1.0,0.8333333333333334,0.324673117054282,0.8103922595348615,2.707508429525117,1.9912523129944062,0.7354556282373834,0.8056512752594965,0.00047335067402301534,0.4478501559213811,0.0004903459653786697,0.00015383296395398322,1.5830312531144626,5,0.3166062506228925,0.9032937152143552,True,3,3,0.000529797940409679,0.0004651098113923303,6.46881290173487e-05,0.13003844607740458,0.2051145890904561,0.8374825983163278,2.707508429525117,1.1053356877701275,1.0,6.0,False,False,False,False,False,False,False,False,True,pass,pass,True,True,0.8588459741989044,73.57095515031219,85.66257205657405,7
14.242664465564305,454.17734973491315,9.808434639126062,82.56147449026778,,62.0,12.0,6,6,1.0,1.0,0.42387138525508683,0.6913543376938958,6.182554506756534,3.9019169629824475,0.6311172766399846,0.6913543376938955,0.0007914998515518856,0.2250480620904459,0.000893525111942691,0.00011494503385503007,4.232081862752591,5,0.8464163725505183,0.5165085040190429,True,3,3,0.0009726775215245913,0.000799757693412311,0.00017291982811228036,0.1951211831665579,0.749493442645557,0.453559849463916,4.725957304245631,1.9944473468935515,0.38898343121676,5.614801878649887,False,False,False,False,False,False,False,False,True,pass,pass,True,True,0.8314772021492205,68.6479838144821,82.56147449026778,8
12.36271449306514,449.6000802105773,9.808434639126062,82.40632916212354,,63.0,13.0,8,8,1.0,0.875,0.3208551787992835,0.7761655099436761,3.2133858546019103,2.150956888160857,0.669373982922237,0.7155908879186521,0.0003378117309314477,0.7976576138678338,0.00029949771687243383,8.324919029035791e-05,14.117800478776939,7,2.016828639825277,0.049125388372352294,True,4,4,0.0002744856173291031,0.0003212938987754755,-4.680828144637241e-05,0.1571328996083042,-0.2804692595591415,0.7791175067136183,3.3659947720271197,1.1987168420314902,0.6766281288335287,7.884854065921247,False,False,False,False,False,False,False,False,True,pass,pass,True,True,0.834942943780967,68.80458305680678,82.40632916212354,9
7.008943919208832,448.2922889179099,9.808434639126062,80.51519822510745,,73.0,15.0,13,12,0.9230769230769231,0.6666666666666666,0.359669328641576,0.6985425505728262,3.128294927475392,1.695399300725811,0.5419563500344382,0.5660549462658041,0.0002749648170192187,2.429656152561105,0.00025548292607892136,8.025042787571767e-05,34.624260794992736,11,3.147660072272067,0.0002857446492117788,True,6,6,0.0007856117084708142,-1.803652355990945e-06,0.0007874153608268051,2.0,4.6020560221363995,4.183406372673967e-06,2.516105269963805,0.7432129327601679,0.320958282998168,11.461226576910985,False,False,False,False,False,True,True,False,False,fails_depth_chi2;fails_odd_even,pass,True,True,0.702343427208604,56.54932026380208,80.51519822510745,10
14.385704137384892,453.89127038964216,9.808434639126062,79.78876876640106,,79.0,16.0,6,6,1.0,0.8333333333333334,0.365158884828566,0.7618093382057207,5.933600608677173,4.013705262662135,0.6764367080575959,0.7409992874553637,0.0008349798114814788,0.2679921556762749,0.0008817524238005018,0.00012374374342315848,5.143553578748016,5,1.0287107157496034,0.3986132818437758,True,3,3,0.0008770855456856554,0.0008900503086913732,-1.2964763005717818e-05,0.014673193318561586,-0.05028907904252207,0.959892026420917,5.634280646627856,2.416290976725654,0.44142758046449365,5.437239798275298,False,False,False,False,False,False,False,False,True,pass,pass,True,True,0.8281723163188636,66.07884944550057,79.78876876640106,11
14.467441092710942,453.5643225664753,9.808434639126062,76.67233809849095,,97.0,19.0,6,6,1.0,1.0,0.23990875207522425,0.9121094975097309,5.038895465397566,4.195577074534205,0.8326382445013029,0.9121094975097308,0.000864049379761811,0.1850922645473203,0.0007789584674638972,0.00014546224314359197,0.8210496366984756,5,0.16420992733969514,0.9756713472812487,True,3,3,0.0007848876454461101,0.0007701418959106909,1.4745749535419227e-05,0.01896523396276215,0.04970462841217588,0.9603577680810707,5.038895465397566,2.0571204595746675,1.0,6.0,False,False,False,False,False,False,False,False,True,pass,pass,True,True,0.9550442385092592,73.22547475399776,76.67233809849095,12
14.120059032575227,454.790376903351,9.808434639126062,73.98363180953436,,131.0,21.0,6,6,1.0,1.0,0.29133445002706565,0.8503986599675213,5.380795685044449,4.1771343697832455,0.7763042148939613,0.8503986599675211,0.0008587483459147616,0.30096056425915274,0.0007898569530438433,0.0001366571972252884,3.9370180179449004,5,0.7874036035889801,0.5585190582102585,True,3,3,0.0008574863562112364,0.0007543281542852521,0.00010315820192598429,0.1280025725717141,0.3586951711494949,0.7198231411940743,5.380795685044449,2.196700639754727,1.0,6.0,False,False,False,False,False,False,False,False,True,pass,pass,True,True,0.9221706241078823,68.22553191956608,73.98363180953436,13
14.651349242194556,452.78782148645405,9.808434639126062,72.00466732236556,,153.0,25.0,6,6,1.0,1.0,0.44857003782908805,0.6617159546050944,3.1784403139107327,1.919972655549172,0.6040612583304577,0.6617159546050941,0.0005270096009327985,0.5629085312292842,0.0006363619211298424,0.0001507826298981643,1.2578600966205704,5,0.2515720193241141,0.9392075194488727,True,3,3,0.0006798683348328964,0.0005557549847844361,0.0001241133500484603,0.20089188683635023,0.3927457881477988,0.6945072484313142,2.6450731537312526,1.1012414310938254,0.5072997868411823,5.769129544237975,False,False,False,False,False,False,False,False,True,pass,pass,True,True,0.8134592519635475,58.57286281793559,72.00466732236556,14
9.747131922631525,452.9512953980375,9.808434639126062,71.70756128702193,,156.0,26.0,9,9,1.0,0.7777777777777778,0.24568096229327702,0.8486089174200635,3.291289076942826,2.134515274580379,0.6485347305205602,0.6878749586791175,0.0004809205074952638,0.9942210584961114,0.00025966817213246313,7.36134072258023e-05,51.50893030277642,8,6.4386162878470525,2.0935194710394857e-08,True,4,5,0.0003931748510101138,7.858943111294248e-05,0.0003145854198971713,1.3336550977596646,2.1121672757482863,0.03467210426501554,4.276463617674884,1.4472561994659485,0.4734049175146244,8.731296291550594,False,False,False,False,False,False,False,False,True,pass,pass,True,True,0.8208582272431111,58.861741637991564,71.70756128702193,15
11.279699834994972,443.6128481988344,9.808434639126062,71.2185997482624,,167.0,28.0,9,9,1.0,0.6666666666666666,0.29175519317211196,0.7967754076813741,1.8333872696639755,1.0163267107420635,0.5543437153506234,0.5879703003488567,0.0002229113438643182,2.882720192306203,7.689475098364184e-05,6.142273327504344e-05,18.25842126144173,8,2.282302657680216,0.01937035022432973,True,4,5,0.00014756355201780253,4.640394205155918e-05,0.00010115960996624335,1.043057347846843,0.7557344091904283,0.4498084492961526,2.550730369518086,0.8961069741033694,0.37486760459484725,8.102319996139094,False,False,False,False,False,False,False,False,True,pass,pass,True,True,0.747566812246347,53.24066158645702,71.2185997482624,16
14.569612286868503,453.23737474330846,9.808434639126062,70.14105028458805,,184.0,30.0,6,6,1.0,1.0,0.31249143904119087,0.825010273150571,4.313110508644031,3.2483238366820846,0.7531278946301107,0.8250102731505708,0.0007345855025948644,0.18607962340268056,0.0006781421509081194,0.0001360133020837697,0.8174056853937854,5,0.16348113707875708,0.9759098949352032,True,3,3,0.0006459035539566069,0.0007312849417189611,-8.538138776235417e-05,0.12399375689015041,-0.3043188547420631,0.7608849819327745,3.7391967820753673,1.5555590471974818,0.6135654233654726,5.778081196318259,False,False,False,False,False,False,False,False,True,pass,pass,True,True,0.9083007613949087,63.7091693785299,70.14105028458805,17
9.7062634449685,443.57197972093854,9.808434639126062,66.5673993608106,,242.0,40.0,10,10,1.0,0.8,0.23856045835838563,0.8460439351573493,3.749679731795368,2.534609439067855,0.6759535801353013,0.7125176352575665,0.000413921084923663,1.2284273979223468,0.0002548524777783656,6.11360444040455e-05,56.38591481714143,9,6.2651016463490485,6.623452846073214e-09,True,5,5,1.2906226082846461e-05,0.0003623517282907736,-0.00034944550220792714,1.8624282210951182,-2.637939503429544,0.008341146068516523,4.659254702331307,1.4911508311772181,0.5063266037433257,9.763145339971937,False,False,False,False,False,True,False,False,False,fails_depth_chi2,pass,True,True,0.8333350150101115,55.47294474552519,66.5673993608106,18
8.255432487931103,445.5949693767834,9.808434639126062,65.35634375475838,,258.0,44.0,12,12,1.0,0.75,0.20251898451232964,0.8699792896229132,4.2330952095483045,3.358592044778484,0.7934128287978821,0.8286926726538882,0.0003311221761185257,1.5975066899101054,0.00034988361734585054,6.397385587283593e-05,20.843957880567434,11,1.8949052618697666,0.03502421006647746,True,6,6,0.0004260404172485032,0.0002807904704892648,0.0001452499467592384,0.4109892458834529,1.1338857630502988,0.25684246979324243,4.5234694810257015,1.3105148874103976,0.7003621425020051,11.914049807299499,False,False,False,False,False,False,False,False,True,pass,pass,True,True,0.8575134074443324,56.04394103124597,65.35634375475838,19
8.31673520442564,445.1658503588769,9.808434639126062,65.27865639474491,,260.0,45.0,12,12,1.0,0.6666666666666666,0.2838603097550268,0.7812432984490618,2.460117672806073,1.3982595531850708,0.5683710046236041,0.5936441531883726,0.00014483113413155113,3.959803620506223,0.00022004398981533406,6.400635208692091e-05,34.91870790035933,11,3.174427990941757,0.0002555682242343214,True,6,6,0.00032665223516132875,0.00014928573565091736,0.0001773664995104114,0.7453345199909722,1.3569407222860623,0.17480004628716592,2.560397797585576,0.7406768442372527,0.7922110467006537,11.949709698914557,False,False,False,False,False,True,False,False,False,fails_depth_chi2,pass,True,True,0.7456848337028235,48.67730403805911,65.27865639474491,20
9.808434639126062,452.6243475748706,9.808434639126062,64.83083855220275,,271.0,46.0,9,9,1.0,0.6666666666666666,0.3357496124558581,0.7472816859871597,2.9902855674883324,1.5033284305913337,0.5027374130872868,0.5332335509253046,0.00025636335528878007,2.2506833084504603,0.0003269101579958755,7.190821739842427e-05,43.274931051139504,8,5.409366381392438,7.796680357847795e-07,True,4,5,0.00035378201800306727,0.0002879385849757982,6.584343302726904e-05,0.2052090355884601,0.45003294652035214,0.6526866845341351,3.2231561102511606,1.0756953899496977,0.8455156803479598,8.97809231190231,False,False,False,False,False,True,False,False,False,fails_depth_chi2,pass,True,True,0.7179226194639611,46.543525435442554,64.83083855220275,21
6.865904247388244,449.72268564426486,9.808434639126062,62.67689631142905,,305.0,48.0,13,13,1.0,0.6923076923076923,0.1980868061236014,0.8687392933660985,2.9640443288692526,2.1660288617902617,0.7307680390247657,0.7606074901671974,0.0002458761114325081,2.5763175280207067,0.00020648004464911266,6.649719216812536e-05,39.512515375556056,12,3.2927096146296715,8.660669645267266e-05,True,6,7,0.0006536194909740087,9.682536859572871e-05,0.0005567941223782799,1.4839041543905416,3.3299043807369526,0.0008687581251744597,2.9640443288692526,0.822077985422026,1.0,13.0,False,False,False,False,False,True,False,False,False,fails_depth_chi2,pass,True,True,0.8224079598034199,51.545978422292855,62.67689631142905,22
6.968075441545807,448.61923674107675,9.808434639126062,62.1744554400923,,313.0,50.0,13,12,0.9230769230769231,0.6666666666666666,0.306073935337401,0.7570102523591989,3.3321279531539285,1.9312868292016538,0.5795956386889797,0.6053679011107389,0.00031268444775031656,2.2563395311833876,0.00027127631307482776,7.184908691191481e-05,57.8411475200787,11,5.258286138188972,2.328031298483137e-08,True,6,6,0.0007162252043867722,9.871782125371468e-05,0.0006175073831330575,1.5154614830840252,3.8565767556020596,0.00011498600336298396,2.6678181771343135,0.7898262382029836,0.5095598075349466,11.409046247156779,False,False,False,False,False,True,False,False,False,fails_depth_chi2,pass,True,True,0.7287304993661026,45.308421960673954,62.1744554400923,23
9.501921056653371,444.87977101360593,9.808434639126062,61.64652653158231,,320.0,52.0,10,10,1.0,0.8,0.24290927267727194,0.8412119192474756,6.064880732492022,4.625349782128979,0.7626448047608104,0.8038982095795287,0.0004459757861787206,1.0230728887746967,0.0003946124499227788,6.064199365051e-05,39.252897594598075,9,4.361433066066453,1.037160734533674e-05,True,5,5,0.0005048033919256652,0.0003278172548845474,0.00017698613704111778,0.4251303104700933,1.414725196421752,0.1571490838238498,6.222648502217809,1.9774238146761314,0.7106270377262844,9.902640641118882,False,False,False,False,False,True,False,False,False,fails_depth_chi2,pass,True,True,0.8576283258409744,52.86980734319214,61.64652653158231,24
9.604092250810936,444.08283569463674,9.808434639126062,59.115531058405445,,393.0,56.0,10,10,1.0,0.8,0.2875120474269396,0.7916532806367338,4.317115275233023,2.7668820649049515,0.6409099337185534,0.6755783885260594,0.0004746626083329819,1.272729879450003,0.0002586882802675351,6.339870119071663e-05,59.428202793198246,9,6.603133643688694,1.727602167822655e-09,True,5,5,8.081290436745103e-05,0.00037390903567584267,-0.00029309613130839164,1.2891224526376985,-2.258098663408913,0.023939508959179106,4.69051511571693,1.5047435870713073,0.5263847936639163,9.716639216961667,False,False,False,False,False,True,False,False,False,fails_depth_chi2,pass,True,True,0.8087702873914921,47.810885043407254,59.115531058405445,25
9.56322377314791,444.5528231904391,9.808434639126062,58.73083996887491,,406.0,60.0,10,10,1.0,0.8,0.29935953306230634,0.7784894077085485,5.083203971472942,3.4619852528507793,0.6810636111160442,0.7179040808619571,0.0004223871382000033,1.383493113505203,0.0003026594353649488,5.845262455490702e-05,47.43255590853417,9,5.27028398983713,3.2596782512008804e-07,True,5,5,0.00046371544252352256,0.0002247676686704572,0.00023894777385306536,0.6941282072661967,1.9161531841788668,0.05534560036139482,4.891513718340074,1.5483643311979618,0.853424373937691,9.980222770642836,False,False,False,False,False,True,False,False,False,fails_depth_chi2,pass,True,True,0.8177155926948345,48.025123614614024,58.73083996887491,26
13.466163389966823,444.0624014556888,9.808434639126062,96.67514336001229,,8.0,4.0,7,7,1.0,0.7142857142857143,0.45275976416981717,0.63844694180188,2.4879079198399867,1.1454801336457487,0.46041902295138876,0.497309383393708,0.0002009417162237015,3.659903999999459,0.00025674427750342887,0.00010132582322881855,17.016914956380248,6,2.8361524927300414,0.009221279991034951,True,3,4,0.0002550948665494741,0.0002573955260553761,-2.30065950590204e-06,0.008978351747077283,-0.010228635004769464,0.9918388723614827,2.2678136701965133,0.8592523794519384,0.8054294541783847,6.965836085777122,False,False,False,False,True,False,False,False,False,fails_leave_one_out,fails_leave_one_out,False,False,0.6900901956259924,66.71456859348174,0.0,27
11.075357446679844,444.87977101360593,9.808434639126062,85.9915067199345,,43.0,8.0,9,9,1.0,0.5555555555555556,0.5713981034304927,0.48217713364069575,2.3252134654304975,0.7310689828528278,0.31440940529624684,0.3334815338307086,8.114217874166663e-05,3.115558018869675,0.0001854302752152328,6.385155167287478e-05,21.258868526738258,8,2.6573585658422822,0.006490648692078462,True,4,5,0.0003654851547415854,0.00010514271612682356,0.00026034243861476186,1.1063621800994252,1.8830208089732887,0.059697547983705336,1.2174915651878482,0.4177867597090281,0.28385222988437897,8.492246219173355,False,False,True,False,True,False,False,False,False,fails_positive_events;fails_leave_one_out,fails_positive_events;fails_leave_one_out,False,False,0.546703021370289,47.011816535971704,0.0,28
11.014054730185308,445.2067188367728,9.808434639126062,84.30805277438294,,57.0,10.0,9,9,1.0,0.5555555555555556,0.5065319023282302,0.5551516098807411,2.051186074723072,0.6192690942296014,0.30190780927235383,0.3202215888444843,3.207412537054033e-05,9.152135799528834,0.00013779165158508703,6.841497883499003e-05,23.66860187017232,8,2.95857523377154,0.0026039682965046866,True,4,5,0.00029818174850568203,5.92865994297611e-05,0.00023889514907592094,1.3365946968768496,1.640160623235323,0.10097177421177776,1.5165882180460102,0.5099282681233508,0.5981051662872947,8.845393941728634,False,False,True,False,True,False,False,False,False,fails_positive_events;fails_leave_one_out,fails_positive_events;fails_leave_one_out,False,False,0.5605926851745497,47.26247768662898,0.0,29
12.260543298907578,450.1926731400672,9.808434639126062,82.71489524019906,,61.0,11.0,8,8,1.0,0.625,0.3879663018425546,0.6994670836085091,1.639673783713187,0.583158978091234,0.35565548701438565,0.38021170860973136,0.00022888120733460804,1.7584256428433132,0.00016464912889774846,8.404039697816188e-05,16.73338970100214,7,2.3904842430003055,0.019198628722253593,True,4,4,0.0002967131917176648,-8.123502864880562e-06,0.00030483669458254535,2.0,1.797387454455217,0.07227413100452502,1.639673783713187,0.5797122256986995,1.0,8.0,False,False,True,False,True,False,False,False,False,fails_positive_events;fails_leave_one_out,fails_positive_events;fails_leave_one_out,False,False,0.6385107250225478,52.81434772998359,0.0,30
11.136660163174383,444.45065199569945,9.808434639126062,80.53682216581987,,72.0,14.0,9,9,1.0,0.5555555555555556,0.6020513358003496,0.44769224722460665,1.2327456212485322,-0.2270211403449409,0.0,0.0,5.716926154869517e-05,5.142298893276666,8.710038159626903e-05,5.967234594515476e-05,23.76040529075237,8,2.9700506613440463,0.002513580212260808,True,4,5,0.0003181565871436482,-3.922854791717581e-05,0.000357385135060824,2.0,2.863103939756461,0.004195129212001079,0.37433063237377334,0.12734956444911635,0.39423433347049486,8.640041090893005,False,False,True,False,True,False,False,False,False,fails_positive_events;fails_leave_one_out,fails_positive_events;fails_leave_one_out,False,False,0.0,0.0,0.0,31
12.42401720955968,449.29356662635837,9.808434639126062,78.4939523829317,,84.0,17.0,8,8,1.0,0.625,0.3225684483927406,0.7742074875511535,2.945080332220044,1.6933967492657538,0.574991700816951,0.6146919841987019,0.0003611209700133955,1.397977494235052,0.0002974021617296776,8.027848262318503e-05,25.67769771155181,7,3.6682425302216872,0.0005749914712477228,True,4,4,0.0001830623586001267,0.0003957789131982829,-0.0002127165545981562,0.7349736964583203,-1.3211307578287808,0.18645776894470165,2.945080332220044,1.0412431370259616,1.0,8.0,False,False,True,False,False,True,False,False,False,fails_positive_events;fails_depth_chi2,fails_positive_events,False,False,0.7384969968797664,57.96754810801844,0.0,32
10.319290609913878,449.55921173268143,9.808434639126062,77.40512574484174,,92.0,18.0,9,9,1.0,0.5555555555555556,0.29230314164610227,0.796158965648135,1.4206938270948974,0.47337059352836514,0.3331967694238075,0.35340854269353716,0.000274505521667856,2.2411500550662393,8.504450465898339e-05,7.793654968093878e-05,36.424362342404685,8,4.553045292800586,1.4681350749680543e-05,True,4,5,-0.00013899466966544165,0.000468166843108003,-0.0006071615127734446,2.0,-3.7591490331248707,0.0001704922613388814,1.6936183893040169,0.5659816725499586,0.7780215300149563,8.954191634528097,False,False,True,False,True,True,False,False,False,fails_positive_events;fails_leave_one_out;fails_depth_chi2,fails_positive_events;fails_leave_one_out,False,False,0.6287834207375091,48.671059748458624,0.0,33
14.99873130233027,451.48003019378666,9.808434639126062,74.51183833518809,,124.0,20.0,6,6,1.0,0.3333333333333333,0.5799361501403231,0.5040766198316123,1.182602034010476,-0.5093552344876842,0.0,0.0,-0.00034114162222889655,1.992186570178189,0.00029565635317596654,0.00011825921294580317,23.99122959866375,5,4.79824591973275,0.00021795710354101147,True,3,3,0.0006105751995307654,-2.1871368348683466e-06,0.0006127623363656338,2.0,2.589753315097693,0.00960447299667738,0.005717826775950601,0.002393297028584242,0.5047581251432409,5.707800496956558,False,False,True,False,True,True,False,False,False,fails_positive_events;fails_leave_one_out;fails_depth_chi2,fails_positive_events;fails_leave_one_out,False,False,0.0,0.0,0.0,34
7.131549352197908,447.3318796873573,9.808434639126062,73.6408475908559,,138.0,22.0,13,11,0.8461538461538461,0.5454545454545454,0.28013590791577203,0.7918505012926508,4.782831130202533,3.1495340222024897,0.6585083053244073,0.6906493372177701,0.0008044304530093749,0.7683170479511877,0.0003272356121434433,7.09916542580498e-05,72.19972322322964,10,7.219972322322964,1.6644320703375042e-11,True,6,5,0.000969636648838536,-0.00021597267048187956,0.0011856093193204156,2.0,8.32106686617193,8.717505031221035e-17,4.779734923695717,1.441144618903388,0.997699358539782,10.999995186214964,False,False,True,False,False,False,True,False,False,fails_positive_events;fails_odd_even,fails_positive_events,False,False,0.7088056543089732,52.197049160503994,0.0,35
6.191574365948327,449.55921173268143,9.808434639126062,73.38671953883275,,143.0,23.0,15,15,1.0,0.6,0.21804321397122411,0.8378108421736885,0.7106126803747059,-0.21631443464268416,0.0,0.0,5.035539885245299e-05,11.151174237810283,4.304726539029188e-05,5.516501908821287e-05,96.44830105224487,14,6.889164360874633,2.265112297852129e-14,True,7,8,-0.000164967108594479,0.00028645422473303167,-0.0004514213333275107,2.0,-4.0789595247396955,4.5237711329309793e-05,1.246357444444141,0.3230473126691842,0.6559236485333676,14.885141205025647,False,False,True,False,True,True,True,False,False,fails_positive_events;fails_leave_one_out;fails_depth_chi2;fails_odd_even,fails_positive_events;fails_leave_one_out,False,False,0.0,0.0,0.0,36
9.971908549778163,451.5004644327346,9.808434639126062,72.26997423281567,,151.0,24.0,9,9,1.0,0.3333333333333333,0.5581153297341013,0.49712025404913607,2.210692645458493,-0.1184082509296794,0.0,0.0,-0.0003063670646628047,1.1958762418812918,0.00036450929837448566,7.297267221094212e-05,50.04281373969074,8,6.255351717461343,4.010062450720388e-08,True,4,5,0.0002960451113391765,0.0004387857079957617,-0.00014274059665658523,0.3884992107047803,-0.9772303106494241,0.3284551452724431,-0.40558934301434973,-0.14270293903413853,0.23521420689627215,8.07806298564868,False,False,True,False,True,True,False,True,False,fails_positive_events;fails_leave_one_out;fails_depth_chi2;fails_robust_sign,fails_positive_events;fails_leave_one_out;fails_robust_sign,False,False,0.0,0.0,0.0,37
11.238831357331946,444.0624014556888,9.808434639126062,71.66240489306739,,157.0,27.0,9,9,1.0,0.5555555555555556,0.476791250792445,0.5886098428584994,2.351688475480643,0.7645938484247824,0.3251254817109707,0.34484764928155537,7.7544365156057e-05,4.965905034551654,0.00016869038373796256,6.175990405270741e-05,31.870065068814828,8,3.9837581336018535,9.826670942631972e-05,True,4,5,0.0002919696537382289,8.155001292295339e-05,0.0002104196408152755,1.1266857389126235,1.6782170005491914,0.09330474409955831,1.1814917891905936,0.4029683995068369,0.4179736927495671,8.596455806317696,False,False,True,False,True,True,False,False,False,fails_positive_events;fails_leave_one_out;fails_depth_chi2,fails_positive_events;fails_leave_one_out,False,False,0.5794895000343209,41.52761118274069,0.0,38
10.932317774859255,445.5949693767834,9.808434639126062,70.14711896927774,,183.0,29.0,9,9,1.0,0.4444444444444444,0.42881217365270324,0.6425863046407089,2.217456023040149,1.0684153129410592,0.48182029399449083,0.5110475957952006,-4.91828772090086e-05,2.1783259143998714,0.00015614133744644594,6.925519679170972e-05,17.687608528169953,8,2.210951066021244,0.02369443006301483,True,4,5,0.00023270070594095559,0.00012022154699359601,0.00011247915894735958,0.6374160768389887,0.7572053970563165,0.4489268173067988,1.5497406635075337,0.5252884864139363,0.4598596517420291,8.70406836823252,False,False,True,False,False,False,False,False,False,fails_positive_events,fails_positive_events,False,False,0.6180912195573728,43.357318312157,0.0,39
10.25798789341934,449.8861595558483,9.808434639126062,69.82983969405136,,187.0,31.0,9,9,1.0,0.6666666666666666,0.3576405554617128,0.7226543751055732,1.5988594499822015,0.3951303371774267,0.24713262768770905,0.2621237353356441,2.1017133731038307e-05,37.44848017820708,0.00012426982294384145,7.768410148443451e-05,39.4792864827966,8,4.934910810349575,4.004512493191204e-06,True,4,5,8.321017758942527e-06,0.00032781795750733736,-0.00031949693974839483,1.9009812206114944,-1.977582249373505,0.047975853380102934,1.5988594499822015,0.5329531499940672,1.0,9.0,False,False,False,False,True,True,False,False,False,fails_leave_one_out;fails_depth_chi2,fails_leave_one_out,False,False,0.5961237590271166,41.627226530678854,0.0,40
14.814823152846657,452.0113204064328,9.808434639126062,69.62284959992171,,192.0,32.0,6,6,1.0,0.3333333333333333,0.692959175455647,0.3684489894532236,0.6270784273908014,-0.7895220004981333,0.0,0.0,-0.00031802375620998413,2.6348312552655715,0.0003690650253144851,0.0001466519358648854,9.823727809234489,5,1.9647455618468979,0.08038671968799119,True,3,3,0.0005216713358907191,6.397893522547626e-05,0.00045769240066524284,1.563022927635373,1.4713285080362164,0.14120229723007285,-0.5634000918044773,-0.24105201874275975,0.31661556859829143,5.4627620159005605,False,False,True,False,True,False,False,True,False,fails_positive_events;fails_leave_one_out;fails_robust_sign,fails_positive_events;fails_leave_one_out;fails_robust_sign,False,False,0.0,0.0,0.0,41
7.397194457007572,444.67542862412665,9.808434639126062,69.47377535202813,,195.0,33.0,13,13,1.0,0.5384615384615384,0.2869194438399631,0.7725039358400398,2.1521887469609946,1.231909389947446,0.5723983975322647,0.5957711411459073,4.7651892704392296e-05,10.097160963867662,0.00017836567465876835,5.58982982059591e-05,24.127762320444198,12,2.0106468600370166,0.019542138996978445,True,6,7,0.0004122225923751634,0.00014174676051188713,0.0002704758318632763,0.9765010661823521,1.6555002683231061,0.09782306203909451,1.7534874268172604,0.48869239884443155,0.6750461863362059,12.874611840487486,False,False,True,False,False,False,False,False,False,fails_positive_events,fails_positive_events,False,False,0.7055596119841384,49.017889980450164,0.0,42
9.890171594452111,451.97045192853693,9.808434639126062,68.90653061473141,,203.0,34.0,9,9,1.0,0.4444444444444444,0.5547284714807469,0.5009304695841598,2.3632301689663966,0.08060990421811724,0.03411005211285598,0.036179173733440484,-0.00019171753458369079,4.102086923537063,0.0004151240520371112,7.797421709556988e-05,40.497253586274354,8,5.062156698284294,2.587858399187765e-06,True,4,5,0.0002526784708719372,0.000598680593160335,-0.00034600212228839776,0.8128230188790989,-2.214562088642043,0.02679013661640007,-0.5449060677501035,-0.1949286501313985,0.16331658371582328,7.814333413225953,False,False,True,False,True,True,False,True,False,fails_positive_events;fails_leave_one_out;fails_depth_chi2;fails_robust_sign,fails_positive_events;fails_leave_one_out;fails_robust_sign,False,False,0.29958039821846805,20.643045881414295,0.0,43
7.335891740513034,445.24758731466864,9.808434639126062,68.62850524555327,,208.0,35.0,13,13,1.0,0.46153846153846156,0.3299839985659914,0.725850668220176,0.9595811114875769,0.11730286620789827,0.12224382577315553,0.1272354078783198,-4.2867566127813284e-05,8.68512374997669,5.7287505506683546e-05,5.972703144229628e-05,27.197759176621634,12,2.266479931385136,0.007236117261453374,True,6,7,0.00046510753056694257,1.7263036921142503e-06,0.00046338122687482835,1.98520840979871,2.5202821244676623,0.011726080686994204,0.413639804246793,0.11588561363237733,0.6066715279273308,12.740474364257471,False,False,True,False,True,False,False,False,False,fails_positive_events;fails_leave_one_out,fails_positive_events;fails_leave_one_out,False,False,0.45437642618126745,31.18317494763686,0.0,44
10.401027565239929,448.823579130556,9.808434639126062,68.1669400574047,,219.0,36.0,9,9,1.0,0.5555555555555556,0.3965391885016964,0.6788934129355916,0.5214506792273074,-1.3197376640486753,0.0,0.0,9.800580006558146e-05,7.823762517759448,-2.8271956275240377e-05,6.542445641634285e-05,155.70423633567125,8,19.463029541958907,1.2640224372795497e-29,True,4,5,-0.0002682747844166215,0.0004723851094193768,-0.0007406598938359983,2.0,-5.29832057268415,1.1687264519147845e-07,2.4236103997508605,0.8431053196090051,0.23748543186039886,8.263460505611489,False,False,True,False,True,True,True,False,False,fails_positive_events;fails_leave_one_out;fails_depth_chi2;fails_odd_even,fails_positive_events;fails_leave_one_out,False,False,0.0,0.0,0.0,45
6.825035769725218,450.15180466217134,9.808434639126062,67.96240683698622,,224.0,37.0,13,13,1.0,0.6153846153846154,0.2572392335850357,0.8046574969495446,2.8098062377866793,1.6552047002460266,0.5890814384232603,0.6131354006411517,0.0002426993185855597,3.070882889134146,0.00023364158983654891,6.657316540567355e-05,55.418973157559265,12,4.618247763129939,1.5222921117094994e-07,True,6,7,0.0006500040182027748,0.00011840757449517331,0.0005315964437076015,1.383624215874017,3.290234916287774,0.0010010377204561834,2.8683206801478387,0.8025151301070382,0.604431195200764,12.774648233550796,False,False,True,False,False,True,False,False,False,fails_positive_events;fails_depth_chi2,fails_positive_events,False,False,0.7422983959742366,50.448385581643365,0.0,46
14.733086197520606,452.3995709464434,9.808434639126062,67.53020790293384,,228.0,38.0,6,6,1.0,0.5,0.6111805766199736,0.46658330805603165,1.4760729539054405,0.0365040506591792,0.024730519289440017,0.027090926547285857,8.85865908951955e-05,7.710173726272935,0.00046688964532509946,0.00015138695979395803,7.640622296271188,5,1.5281244592542376,0.17718550948760492,True,3,3,0.0006508550237077942,0.00010164742266954524,0.0005492076010382489,1.4596832307515208,1.7122614147487853,0.08684850401544021,1.0856928907176195,0.44636878505971694,0.6963974069245694,5.915975342187194,False,False,True,False,True,False,False,False,False,fails_positive_events;fails_leave_one_out,fails_positive_events;fails_leave_one_out,False,False,0.2819556263575924,19.040522067330148,0.0,47
11.361436790321022,454.54516603597585,9.808434639126062,66.7093050162379,,240.0,39.0,8,8,1.0,0.5,0.5549413830004549,0.5086384194280515,1.1698510330217127,-0.6254635540364536,0.0,0.0,3.410267983910975e-05,16.81527979797612,4.259264167068762e-05,6.811032061525278e-05,38.51612851419149,7,5.502304073455927,2.4169016000380407e-06,True,4,4,-3.687888050237949e-05,0.0001309524663437048,-0.00016783134684608428,2.0,-1.2303261754398096,0.21857498616219997,0.4314478802632499,0.1542645459126119,0.5686105873496353,7.822119184580052,False,False,True,False,True,True,False,False,False,fails_positive_events;fails_leave_one_out;fails_depth_chi2,fails_positive_events;fails_leave_one_out,False,False,0.0,0.0,0.0,48
10.09451398276724,450.82613454745297,9.808434639126062,66.23915733228101,,244.0,41.0,9,9,1.0,0.3333333333333333,0.4831546421739678,0.5814510275542862,1.1170442083560477,-0.7183607041714739,0.0,0.0,-0.0002764575269113001,1.6486173758873588,0.00014396681459477785,7.261469940510739e-05,62.029668909713514,8,7.753708613714189,1.8604875753163587e-10,True,4,5,0.00018869631897965494,0.000109677478588057,7.901884039159794e-05,0.5296634023211483,0.5393268437286185,0.5896613495821885,0.43161750049038167,0.1471905775219841,0.48232985369117626,8.59880444273296,False,False,True,False,True,True,False,False,False,fails_positive_events;fails_leave_one_out;fails_depth_chi2,fails_positive_events;fails_leave_one_out,False,False,0.0,0.0,0.0,49
12.178806343581527,450.7648318306092,9.808434639126062,66.22581528805337,,245.0,42.0,8,8,1.0,0.5,0.38837485255199633,0.6990001685120042,0.04725456454144385,-1.4009243879379403,0.0,0.0,3.410170374176791e-05,23.930217548908555,-2.4565780712547596e-06,7.158834637550812e-05,62.765286407076054,7,8.96646948672515,4.223567558509888e-11,True,4,4,0.00022005317303720208,-0.00044183034662338694,0.000661883519660589,2.0,4.367664348694838,1.255822914784369e-05,0.04725456454144385,0.01670701151463616,1.0,8.0,False,False,True,False,True,True,True,False,False,fails_positive_events;fails_leave_one_out;fails_depth_chi2;fails_odd_even,fails_positive_events;fails_leave_one_out,False,False,0.0,0.0,0.0,50
7.478931412333623,444.3280465620119,9.808434639126062,65.98933053961842,,247.0,43.0,13,12,0.9230769230769231,0.4166666666666667,0.3148627703384988,0.7474224323580014,1.465525502546038,0.3750410819742968,0.2559089427804176,0.2672881733838954,-7.056385443693358e-05,5.967407195073932,0.00010919788126766865,5.785724782377123e-05,44.192976447920344,11,4.017543313447304,6.7231242563127576e-06,True,6,6,0.0005327819134096147,6.9269290500893694e-06,0.0005258549843595254,1.9486617338450851,3.597395348220114,0.0003214197509866732,0.43204558343897886,0.12697355482422237,0.5333287542188284,11.57797434373093,False,False,True,False,True,True,False,False,False,fails_positive_events;fails_leave_one_out;fails_depth_chi2,fails_positive_events;fails_leave_one_out,False,False,0.5264936418318629,34.742962957850274,0.0,51
6.906772725051269,449.3344351042542,9.808434639126062,63.85407829309663,,290.0,47.0,13,13,1.0,0.6153846153846154,0.17972199746524534,0.8886345027459842,3.07714411865857,2.2399537391298097,0.7279326715793475,0.7576563461636372,0.0004577260922511983,1.7397211974249167,0.00021193802410833547,6.515859729981942e-05,59.51505640961705,12,4.959588034134755,2.766494524882421e-08,True,6,7,0.0006277678272186535,7.971182960686386e-05,0.0005480559976117896,1.5493194534269252,3.598693250511925,0.0003198201524003675,3.122792982050931,0.8661551470946274,0.9605249287926609,12.998552972065625,False,False,True,False,False,True,False,False,False,fails_positive_events;fails_depth_chi2,fails_positive_events,False,False,0.8022976458070983,51.22997668973356,0.0,52
12.076635149423964,451.0713454148281,9.808434639126062,62.31424596693249,,309.0,49.0,8,7,0.875,0.5714285714285714,0.42769641821594934,0.6676875120813924,-0.9466421539654984,-2.3841509332430215,0.0,0.0,0.00016132651291045352,6.0866201800335755,-0.00013443533248715572,7.297931999229878e-05,58.2934830587111,6,9.715580509785182,9.99215927307156e-11,True,4,3,0.00013059286485158364,-0.0005086235895056798,0.0006392164543572634,2.0,4.3151043845935675,1.595275043407411e-05,-0.8717014645671064,-0.32951265228067844,0.9554933387718089,6.998280758975514,False,False,True,False,True,True,True,True,False,fails_positive_events;fails_leave_one_out;fails_depth_chi2;fails_odd_even;fails_robust_sign,fails_positive_events;fails_leave_one_out;fails_robust_sign,False,False,0.0,0.0,0.0,53
12.81226774735842,447.29101120946143,9.808434639126062,62.07713944328715,,315.0,51.0,8,8,1.0,0.375,0.5848345556543179,0.47447479353792243,-0.6878290303921689,-2.2359352582116685,0.0,0.0,-0.0002414909836086776,1.9971252043519665,-0.00011327834280238244,7.381168529220719e-05,37.885895541191154,7,5.412270791598736,3.185336029606502e-06,True,4,4,-1.9652289768839302e-05,-0.00022366802593100176,0.00020401573616216247,1.676931378092041,1.3773283272686707,0.1684107610169847,-1.0596011355771218,-0.37592468435524556,0.7556651075135099,7.94480317851815,False,False,True,False,True,True,False,True,False,fails_positive_events;fails_leave_one_out;fails_depth_chi2;fails_robust_sign,fails_positive_events;fails_leave_one_out;fails_robust_sign,False,False,0.0,0.0,0.0,54
7.049812396871857,447.4340508820969,9.808434639126062,61.36411708658645,,326.0,53.0,13,12,0.9230769230769231,0.5833333333333334,0.397987280037932,0.6567411490495287,3.146468709607708,1.4314167848137354,0.45492802151278977,0.47515682168105833,0.00016634146642061087,3.598443215935701,0.00025109138371780823,7.083215155739981e-05,60.41455721425856,11,5.492232474023505,7.764870245715877e-09,True,6,6,0.0009580487861584131,-0.00013086579293360715,0.0010889145790920203,2.0,7.336239931547577,2.1967805752926798e-13,1.4683590647460607,0.4344691083863523,0.4046445487391812,11.422120352075128,False,False,True,False,True,True,True,False,False,fails_positive_events;fails_leave_one_out;fails_depth_chi2;fails_odd_even,fails_positive_events;fails_leave_one_out,False,False,0.6402454064266722,39.288094084115436,0.0,55
12.689662314369343,447.985775333691,9.808434639126062,61.1721682525603,,328.0,54.0,8,8,1.0,0.5,0.40234089545327395,0.6830389766248298,0.5211499177061557,-0.5011101400851901,0.0,0.0,-3.456197519047244e-05,15.741917638738952,3.073393814616258e-05,8.418650582274894e-05,23.949438468177263,7,3.421348352596752,0.001162900899781861,True,4,4,6.367939405759422e-05,-3.077576446793045e-05,9.445515852552467e-05,2.0,0.5347208150208633,0.5928429258501098,0.5211499177061557,0.18425432041241696,1.0,8.0,False,False,True,False,True,True,False,False,False,fails_positive_events;fails_leave_one_out;fails_depth_chi2,fails_positive_events;fails_leave_one_out,False,False,0.0,0.0,0.0,56
6.702430336736143,444.1237041725326,9.808434639126062,60.94354297773921,,335.0,55.0,15,15,1.0,0.4666666666666667,0.2906613433178683,0.7600057035879982,0.45895868033155446,-0.5656618339971956,0.0,0.0,-0.0001251579832479699,3.0622264220163116,-1.887928320924275e-07,5.0718800389985285e-05,65.87606329928633,14,4.7054330928061665,1.0668074792891095e-08,True,7,8,-1.4808573564542667e-05,2.5717598526024347e-05,-4.0526172090567014e-05,2.0,-0.3837115902688531,0.7011922212361061,0.5194653659758935,0.13420257579310627,0.8784537668593617,14.982748579797454,False,False,True,False,True,True,False,False,False,fails_positive_events;fails_leave_one_out;fails_depth_chi2,fails_positive_events;fails_leave_one_out,False,False,0.0,0.0,0.0,57
7.192852068692446,446.6779840410236,9.808434639126062,59.02253408676401,,398.0,57.0,13,11,0.8461538461538461,0.45454545454545453,0.3678395207153444,0.6953765272131212,1.1472157519399047,-0.495003736634525,0.0,0.0,-0.00020924730716098683,2.700246606913298,-1.7676156923811708e-05,6.984145384694402e-05,78.47598391657361,10,7.847598391657361,9.980484023097656e-13,True,6,5,0.0008602611597950098,-0.00040783250714600413,0.0012680936669410138,2.0,8.379880457449486,5.298148629602016e-17,1.0047437317689965,0.30314885512347695,0.8747260004544812,10.984966734923152,False,False,True,False,True,True,True,False,False,fails_positive_events;fails_leave_one_out;fails_depth_chi2;fails_odd_even,fails_positive_events;fails_leave_one_out,False,False,0.0,0.0,0.0,58
11.443173745647073,454.23865245175693,9.808434639126062,58.93550900776174,,400.0,58.0,8,8,1.0,0.5,0.43292328794014884,0.6480876709255442,0.2774687402303684,-1.2613822901976317,0.0,0.0,-9.352007611168611e-05,5.362767927298216,-1.4323290789381467e-05,6.744987817883451e-05,48.42760215642902,7,6.91822887948986,2.936938997547492e-08,True,4,4,1.245996743747636e-05,-4.467559702061284e-05,5.71355644580892e-05,2.0,0.42271375730423755,0.6725041169940779,0.2774687402303684,0.09810001389209105,1.0,8.0,False,False,True,False,True,True,False,False,False,fails_positive_events;fails_leave_one_out;fails_depth_chi2,fails_positive_events;fails_leave_one_out,False,False,0.0,0.0,0.0,59
6.252877082442865,449.1505269537229,9.808434639126062,58.87904716166198,,402.0,59.0,15,15,1.0,0.6,0.21473608984559386,0.8413541894511494,1.1176711066320464,0.037304196536534495,0.0333767208574853,0.03454818832130132,0.00028774853763235964,1.7101765363123094,6.415643735048565e-05,5.7011438541978834e-05,143.75797977612652,14,10.26842712686618,1.267373310805596e-23,True,7,8,-0.0003146954522173542,0.0004084587283824598,-0.000723154180599814,2.0,-6.334942621637562,2.374296153551172e-10,2.849961911484901,0.7472747107246148,0.40048917885609336,14.545127801829034,False,False,True,False,True,True,True,False,False,fails_positive_events;fails_leave_one_out;fails_depth_chi2;fails_odd_even,fails_positive_events;fails_leave_one_out,False,False,0.36340328395224064,21.39683909452682,0.0,60
5.578547201002948,444.30761232306395,9.808434639126062,58.32931430839972,,409.0,61.0,17,17,1.0,0.4117647058823529,0.3740318460786096,0.6650911635414772,-1.067171274875475,-2.4276562048057837,0.0,0.0,-0.00010173392032808426,5.152843792327187,-3.3458896344216194e-05,4.484544899697676e-05,113.38527341651252,16,7.086579588532032,1.0162827799642794e-16,True,8,9,-0.00020901956263125982,0.00011461380282546458,-0.0003236333654567244,2.0,-3.5952800937810747,0.00032404275113328445,-1.881741369070832,-0.46701289560497433,0.4407964783585279,16.235367352645174,False,False,True,False,True,True,False,True,False,fails_positive_events;fails_leave_one_out;fails_depth_chi2;fails_robust_sign,fails_positive_events;fails_leave_one_out;fails_robust_sign,False,False,0.0,0.0,0.0,61
8.010221621952951,447.413616643149,9.808434639126062,56.2986720143712,,458.0,62.0,12,12,1.0,0.5,0.31819124874603055,0.7437913650043303,0.6034963490491078,-0.4791054064652938,0.0,0.0,-1.738953565399992e-05,32.67302486844594,8.892436241696492e-05,6.449864712746696e-05,54.4603840643333,11,4.9509440058484815,9.726796036135068e-08,True,6,6,-2.484623162813695e-05,0.00020193203600057434,-0.00022677826762871128,2.0,-1.7579979924241707,0.07874785091015643,0.8847564906930007,0.25747841674046634,0.5939491998424486,11.807714801305249,False,False,True,False,True,True,False,False,False,fails_positive_events;fails_leave_one_out;fails_depth_chi2,fails_positive_events;fails_leave_one_out,False,False,0.0,0.0,0.0,62
11.89272699994035,451.7865437780056,9.808434639126062,56.27990950543109,,459.0,63.0,8,7,0.875,0.42857142857142855,0.46782453376823585,0.6208713772703914,-1.5953531280312367,-2.46509359450975,0.0,0.0,-6.0205965642046166e-05,9.286750031755924,-0.00019328340794200837,7.598938985420761e-05,24.961158147757885,6,4.160193024626314,0.0003471552662947057,True,4,3,-0.00013227910884681078,-0.00037899621875374064,0.00024671710990692983,0.9651046963865413,1.4007098898150392,0.1613008440804908,-1.119741574051657,-0.42612407058372326,0.6801134802234376,6.904996649878801,False,False,True,False,True,True,False,True,False,fails_positive_events;fails_leave_one_out;fails_depth_chi2;fails_robust_sign,fails_positive_events;fails_leave_one_out;fails_robust_sign,False,False,0.0,0.0,0.0,63
12.015332432929426,451.4187274769429,9.808434639126062,55.953271853095096,,469.0,64.0,8,7,0.875,0.5714285714285714,0.40126948702061965,0.6985189318092769,-0.2833605454558973,-1.5695128835368422,0.0,0.0,0.0001777981271503526,5.025588317033613,-6.267003864136335e-05,7.01926756858392e-05,45.163075636003846,6,7.527179272667308,4.343674392048607e-08,True,4,3,5.435048948576189e-05,-0.0003602289516255958,0.0004145794411113577,2.0,2.6584329488521883,0.007850497022658047,-0.2833605454558973,-0.10710021923484539,1.0,7.0,False,False,True,False,True,True,False,True,False,fails_positive_events;fails_leave_one_out;fails_depth_chi2;fails_robust_sign,fails_positive_events;fails_leave_one_out;fails_robust_sign,False,False,0.0,0.0,0.0,64
