injected_period_days,injected_duration_hours,injected_depth,epoch_phase_fraction,bls_recovered_period_days,bls_recovered_score,bls_period_matched,bls_passes_fap_1_percent,bls_recovered,tcf_recovered_period_days,tcf_recovered_score,tcf_period_matched,tcf_passes_fap_1_percent,tcf_recovered,tcf_exact_period_rank_top10,tcf_exact_period_present_top10,tcf_half_period_rank_top10,tcf_double_period_rank_top10,tcf_triple_period_rank_top10,tcf_top_periods_json,tcf_top_scores_json,both_recovered,bls_only,tcf_only,neither_recovered,either_recovered,bls_exact_period_error,tcf_exact_period_error,bls_exact_period_matched,tcf_exact_period_matched,bls_exact_recovered,tcf_exact_recovered,exact_both_recovered,exact_bls_only,exact_tcf_only,exact_neither_recovered,exact_either_recovered,tcf_exact_period_below_rank1,tcf_exact_period_absent_top10,tcf_top10_candidate_only_vs_bls_exact
2.0,2.0,0.0002,0.15,11.72072072072072,47.53010950717308,False,False,False,2.512151215121512,18.163987818495677,False,True,False,2,True,6.0,3.0,7.0,"[2.512151215121512, 1.9996999699969997, 3.999099909990999, 4.186718671867187, 5.024002400240024, 1.0, 5.999899989999, 5.8612861286128615, 6.698569856985698, 7.54005400540054]","[18.163987818495677, 17.322852370506165, 13.673218150827099, 13.5660933400478, 13.38205476100877, 12.602414407876525, 12.112951585230427, 12.111118100176888, 11.727900587940825, 11.251863346056545]",False,False,False,True,False,4.86036036036036,0.256075607560756,False,False,False,False,False,False,False,True,False,True,False,True
2.0,2.0,0.0002,0.45,11.72072072072072,47.98912346987292,False,False,False,2.512151215121512,18.11294278741504,False,True,False,2,True,,5.0,7.0,"[2.512151215121512, 1.9996999699969997, 4.186718671867187, 5.024002400240024, 4.000500050005, 5.8612861286128615, 5.999899989999, 8.373137313731373, 6.698569856985698, 10.46914691469147]","[18.11294278741504, 15.01551558291428, 14.612597393873664, 13.603834914640723, 13.18918674193603, 13.001764872053442, 12.854873813503144, 12.693133660557411, 12.491697402018982, 11.093134629506142]",False,False,False,True,False,4.86036036036036,0.256075607560756,False,False,False,False,False,False,False,True,False,True,False,True
2.0,2.0,0.0002,0.75,3.998998998998999,51.14334530176195,True,False,False,2.512151215121512,18.375266853631963,False,True,False,2,True,,4.0,9.0,"[2.512151215121512, 1.9996999699969997, 4.186718671867187, 3.999099909990999, 5.024002400240024, 5.8612861286128615, 8.373137313731373, 6.698569856985698, 5.997099709970997, 7.535853585358535]","[18.375266853631963, 16.545844072577736, 14.707976270451638, 14.101316182880282, 13.760784918019008, 13.205177379629976, 12.880689507107691, 12.680135713225816, 11.009162371950602, 10.824332988734923]",False,False,False,True,False,0.9994994994994995,0.256075607560756,False,False,False,False,False,False,False,True,False,True,False,True
2.0,2.0,0.0005,0.15,3.998998998998999,109.21982007091512,True,True,True,1.9996999699969995,39.02269206623864,True,True,True,1,True,2.0,3.0,4.0,"[1.9996999699969997, 1.0, 3.999099909990999, 6.001300130013001, 4.998799879987999, 7.999299929992999, 9.001800180018002, 10.002900290029002, 12.000900090009, 14.005900590059005]","[39.02269206623864, 35.09369068844626, 29.726445096765453, 25.250309882477886, 23.386104472141536, 22.301687015178597, 20.252041379379968, 19.284567209959295, 19.137079138783857, 17.24924547939827]",True,False,False,False,True,0.9994994994994995,0.0001500150015002477,False,True,False,True,False,False,True,False,True,False,False,True
2.0,2.0,0.0005,0.45,3.998998998998999,106.86811533356206,True,True,True,1.9996999699969995,36.311418563845585,True,True,True,1,True,2.0,3.0,4.0,"[1.9996999699969997, 1.0, 4.000500050005, 5.999899989999, 8.000700070007, 10.000100010001, 12.000900090009, 8.998999899989998, 5.0002000200020005, 7.001000100010001]","[36.311418563845585, 31.41747554171981, 29.50149257302512, 25.599913450088312, 21.922456150672133, 21.03262571797679, 19.529543725415657, 19.208633195392988, 19.09307075243453, 18.693748884195877]",True,False,False,False,True,0.9994994994994995,0.0001500150015002477,False,True,False,True,False,False,True,False,True,False,False,True
2.0,2.0,0.0005,0.75,1.0,114.87683601702544,True,True,True,1.9996999699969995,39.26394382004287,True,True,True,1,True,,2.0,3.0,"[1.9996999699969997, 3.999099909990999, 5.998499849984999, 7.999299929992999, 11.998099809980998, 9.001800180018002, 10.000100010001, 14.003100310031003, 2.512151215121512, 6.998199819981998]","[39.26394382004287, 30.405083084246165, 23.952287672093398, 21.817519147804532, 19.57669208399634, 19.057247395929764, 18.944177970501226, 18.279529159863383, 17.417311494322934, 17.152913146525304]",True,False,False,False,True,0.5,0.0001500150015002477,False,True,False,True,False,False,True,False,True,False,False,True
2.0,2.0,0.001,0.15,3.998998998998999,217.86749081027335,True,True,True,1.9996999699969995,70.39590707670293,True,True,True,1,True,2.0,3.0,4.0,"[1.9996999699969997, 1.0, 3.999099909990999, 6.001300130013001, 4.998799879987999, 7.999299929992999, 9.001800180018002, 10.001500150015001, 12.000900090009, 13.998899889988998]","[70.39590707670293, 58.960203984181106, 53.27234763778553, 43.82630859577173, 43.657646044084224, 38.758054248983385, 35.79126824112962, 34.10679041055245, 32.762356720333536, 29.939068428974988]",True,False,False,False,True,0.9994994994994995,0.0001500150015002477,False,True,False,True,False,False,True,False,True,False,False,True
2.0,2.0,0.001,0.45,3.998998998998999,214.6178587697581,True,True,True,1.9996999699969995,69.21080729997476,True,True,True,1,True,2.0,3.0,4.0,"[1.9996999699969997, 1.0, 4.000500050005, 5.999899989999, 5.0002000200020005, 8.000700070007, 10.000100010001, 9.000400040004001, 6.996799679967997, 12.000900090009]","[69.21080729997476, 52.741970826109885, 51.88972283638806, 43.24797606014288, 39.560528462753226, 37.15522821444016, 35.35551662909959, 35.010155025540776, 34.67096632325174, 31.980593764796172]",True,False,False,False,True,0.9994994994994995,0.0001500150015002477,False,True,False,True,False,False,True,False,True,False,False,True
2.0,2.0,0.001,0.75,1.0,223.6815829658078,True,True,True,1.9996999699969995,70.97470318179056,True,True,True,1,True,,2.0,3.0,"[1.9996999699969997, 3.999099909990999, 5.999899989999, 7.999299929992999, 9.001800180018002, 6.998199819981998, 10.007100710071008, 11.999499949994998, 14.001700170017001, 11.001200120012001]","[70.97470318179056, 53.7674929925763, 43.07365462394186, 38.223927295962355, 34.709240791931805, 34.24334334497083, 33.5371228445676, 32.8014796901639, 30.330051122409575, 29.382835353534166]",True,False,False,False,True,0.5,0.0001500150015002477,False,True,False,True,False,False,True,False,True,False,False,True
2.0,4.0,0.0002,0.15,3.998998998998999,64.60080036781211,True,True,True,1.9996999699969995,25.736685752190557,True,True,True,1,True,,3.0,4.0,"[1.9996999699969997, 2.512151215121512, 3.999099909990999, 5.999899989999, 4.186718671867187, 7.999299929992999, 5.024002400240024, 5.8612861286128615, 8.373137313731373, 10.000100010001]","[25.736685752190557, 18.32199752548987, 17.817001134658327, 15.159477834771646, 13.865105512120074, 13.515476052786214, 13.507820025893587, 12.9504137669133, 12.642422765997138, 12.558313763330064]",True,False,False,False,True,0.9994994994994995,0.0001500150015002477,False,True,False,True,False,False,True,False,True,False,False,True
2.0,4.0,0.0002,0.45,3.998998998998999,64.57918212642868,True,True,True,2.512151215121512,18.25335527861923,False,True,False,3,True,8.0,2.0,4.0,"[2.512151215121512, 4.000500050005, 1.9996999699969997, 5.999899989999, 8.000700070007, 4.186718671867187, 5.024002400240024, 1.0, 5.8612861286128615, 10.001500150015001]","[18.25335527861923, 17.72527288778862, 17.167104669039105, 16.34382225313697, 15.39908959626994, 14.038455395179769, 13.437160994366325, 13.13906626841055, 12.73216371208471, 12.245878137503391]",False,True,False,False,True,0.9994994994994995,0.256075607560756,False,False,False,False,False,False,False,True,False,True,False,True
2.0,4.0,0.0002,0.75,3.998998998998999,75.2911988046719,True,True,True,1.9996999699969995,24.381141367050784,True,True,True,1,True,,3.0,4.0,"[1.9996999699969997, 2.512151215121512, 4.000500050005, 6.001300130013001, 4.186718671867187, 7.999299929992999, 12.002300230023002, 5.024002400240024, 5.8612861286128615, 10.001500150015001]","[24.381141367050784, 18.16040555863266, 17.617710430676585, 14.58455128475725, 14.538448635373097, 14.504440286205284, 13.691445227741125, 13.598347022046315, 12.666105741266298, 12.54998449468599]",True,False,False,False,True,0.9994994994994995,0.0001500150015002477,False,True,False,True,False,False,True,False,True,False,False,True
2.0,4.0,0.0005,0.15,3.998998998998999,164.00438694781258,True,True,True,1.9996999699969995,66.10996538968361,True,True,True,1,True,,2.0,3.0,"[1.9996999699969997, 3.999099909990999, 5.999899989999, 7.999299929992999, 10.000100010001, 11.999499949994998, 14.000300030003, 14.995799579957996, 13.002000200020001, 10.999799979998]","[66.10996538968361, 45.05897008744633, 37.3437056879923, 34.45406931513277, 30.621497154484715, 28.293371158018083, 27.37367672358473, 25.510607573556165, 23.29802248676614, 22.907010175760995]",True,False,False,False,True,0.9994994994994995,0.0001500150015002477,False,True,False,True,False,False,True,False,True,False,False,True
2.0,4.0,0.0005,0.45,3.998998998998999,162.78687846905626,True,True,True,4.000500050005,45.633888072363526,True,True,True,2,True,5.0,1.0,3.0,"[4.000500050005, 1.9996999699969997, 5.999899989999, 8.000700070007, 1.0, 10.001500150015001, 12.003700370037004, 9.001800180018002, 14.003100310031003, 5.0002000200020005]","[45.633888072363526, 41.71942677133633, 40.5002396585418, 35.544170402252284, 35.52893200090402, 30.347939403736063, 28.733850721503043, 28.545970297665043, 26.812414265660735, 22.42173966933892]",True,False,False,False,True,0.9994994994994995,1.0002500250025,False,False,False,False,False,False,False,True,False,True,False,True
2.0,4.0,0.0005,0.75,3.998998998998999,174.63988319184145,True,True,True,1.9996999699969995,65.1306881848277,True,True,True,1,True,,2.0,3.0,"[1.9996999699969997, 4.000500050005, 6.001300130013001, 7.999299929992999, 10.000100010001, 12.002300230023002, 14.001700170017001, 15.0, 10.999799979998, 9.001800180018002]","[65.1306881848277, 47.1247959445732, 38.87435967017682, 35.05341511834994, 31.527755930341456, 31.087602207830187, 27.508203139913117, 24.26263072243061, 23.19791326526544, 22.017828159560437]",True,False,False,False,True,0.9994994994994995,0.0001500150015002477,False,True,False,True,False,False,True,False,True,False,False,True
2.0,4.0,0.001,0.15,3.998998998998999,329.6770312478135,True,True,True,1.9996999699969995,131.70447411428069,True,True,True,1,True,,2.0,3.0,"[1.9996999699969997, 3.999099909990999, 5.999899989999, 7.999299929992999, 10.000100010001, 11.999499949994998, 13.997499749974997, 13.002000200020001, 10.999799979998, 14.998599859985998]","[131.70447411428069, 92.85928608801035, 75.12391377629602, 67.99614196966044, 61.53046769803572, 55.66965670633404, 53.346685278317125, 49.10451909332407, 48.847201882433765, 43.55305860038968]",True,False,False,False,True,0.9994994994994995,0.0001500150015002477,False,True,False,True,False,False,True,False,True,False,False,True
2.0,4.0,0.001,0.45,3.998998998998999,326.80362510327376,True,True,True,4.000500050005,92.9872681988217,True,True,True,4,True,2.0,1.0,3.0,"[4.000500050005, 1.0, 5.999899989999, 1.9996999699969997, 8.000700070007, 10.001500150015001, 9.001800180018002, 12.003700370037004, 14.003100310031003, 13.000600060006]","[92.9872681988217, 81.27267386722815, 79.6517512832838, 74.35453219703646, 68.11676000936149, 59.69646087150116, 58.050497941607375, 56.535819550902964, 52.722032820939326, 32.97750406040412]",True,False,False,False,True,0.9994994994994995,1.0002500250025,False,False,False,False,False,False,False,True,False,True,False,True
2.0,4.0,0.001,0.75,3.998998998998999,340.221023837124,True,True,True,1.9996999699969995,129.4416831902355,True,True,True,1,True,,2.0,3.0,"[1.9996999699969997, 4.000500050005, 6.001300130013001, 8.000700070007, 6.998199819981998, 10.000100010001, 11.999499949994998, 14.007300730073007, 15.0, 10.999799979998]","[129.4416831902355, 93.73055938263853, 76.60446579632136, 68.32812365230832, 65.88974767559523, 62.465822374896526, 58.41092859074966, 52.48319293214183, 49.9470526670115, 43.70937996281096]",True,False,False,False,True,0.9994994994994995,0.0001500150015002477,False,True,False,True,False,False,True,False,True,False,False,True
2.0,8.0,0.0002,0.15,1.994994994994995,102.90873210563257,True,True,True,2.512151215121512,17.83829639916278,False,True,False,2,True,,9.0,,"[2.512151215121512, 1.9996999699969997, 4.186718671867187, 5.024002400240024, 5.8612861286128615, 8.373137313731373, 6.698569856985698, 7.5386538653865385, 3.999099909990999, 9.21042104210421]","[17.83829639916278, 16.535980186131944, 13.652218072810735, 13.471322285910613, 13.142709088590292, 11.77782404846076, 11.469384980574818, 11.330326410217625, 10.743820798941377, 10.466093317152897]",False,True,False,False,True,0.0025025025025025016,0.256075607560756,True,False,True,False,False,True,False,False,True,True,False,False
2.0,8.0,0.0002,0.45,1.994994994994995,104.64023960905142,True,True,True,2.512151215121512,18.169332748332216,False,True,False,2,True,5.0,7.0,8.0,"[2.512151215121512, 2.0011001100110013, 4.186718671867187, 5.024002400240024, 1.0, 5.8612861286128615, 4.000500050005, 6.0027002700270025, 6.698569856985698, 8.373137313731373]","[18.169332748332216, 14.346655968896435, 13.941894039009341, 13.602114395253455, 12.958995940475123, 12.663260778468077, 12.651149816247365, 12.057292374549212, 11.710406808247566, 11.704505344560811]",False,True,False,False,True,0.0025025025025025016,0.256075607560756,True,False,True,False,False,True,False,False,True,True,False,False
2.0,8.0,0.0002,0.75,1.994994994994995,109.61363879506654,True,True,True,2.512151215121512,18.50501792634944,False,True,False,2,True,,6.0,10.0,"[2.512151215121512, 1.9996999699969997, 4.186718671867187, 5.024002400240024, 5.8612861286128615, 4.001900190019002, 6.698569856985698, 8.373137313731373, 7.54005400540054, 5.998499849984999]","[18.505017926349442, 17.520603024324007, 14.588589543633784, 13.641692302727902, 13.074079220719193, 12.72216357652532, 11.749839699964246, 11.735324776564616, 11.284001239458629, 11.203693467855306]",False,True,False,False,True,0.0025025025025025016,0.256075607560756,True,False,True,False,False,True,False,False,True,True,False,False
2.0,8.0,0.0005,0.15,1.994994994994995,257.7790385418519,True,True,True,1.9996999699969995,39.027420437018016,True,True,True,1,True,,2.0,3.0,"[1.9996999699969997, 3.999099909990999, 5.999899989999, 7.999299929992999, 10.000100010001, 11.999499949994998, 6.999599959995999, 13.994699469946994, 2.512151215121512, 9.001800180018002]","[39.027420437018016, 26.508366495823967, 23.170289603400235, 21.26365324807496, 20.480979457470767, 18.66534172196077, 18.13582812448639, 17.44610692964184, 17.147637036785305, 16.54650709324748]",True,False,False,False,True,0.0025025025025025016,0.0001500150015002477,True,True,True,True,True,False,False,False,True,False,False,False
2.0,8.0,0.0005,0.45,1.994994994994995,261.0210271625819,True,True,True,1.9996999699969995,35.39005468830274,True,True,True,1,True,3.0,2.0,4.0,"[1.9996999699969997, 4.000500050005, 1.0, 6.0027002700270025, 8.000700070007, 9.998699869986998, 8.998999899989998, 13.996099609960996, 12.003700370037004, 2.512151215121512]","[35.39005468830274, 29.196845654317258, 27.432255850548625, 23.855586071941847, 21.071605977111595, 19.50535800025161, 18.85649359579682, 17.9891402505457, 17.974330610859834, 17.468490638511028]",True,False,False,False,True,0.0025025025025025016,0.0001500150015002477,True,True,True,True,True,False,False,False,True,False,False,False
2.0,8.0,0.0005,0.75,1.994994994994995,268.4577282874752,True,True,True,1.9996999699969995,39.935039707564485,True,True,True,1,True,,2.0,3.0,"[1.9996999699969997, 3.999099909990999, 5.998499849984999, 7.999299929992999, 10.004300430043005, 11.999499949994998, 6.998199819981998, 2.512151215121512, 11.001200120012001, 14.003100310031003]","[39.935039707564485, 28.187579967499232, 23.98677397436544, 23.02857090240864, 18.732977721520882, 18.12969695118341, 17.795145718306905, 17.715696138839938, 17.516601977617473, 17.145276211773044]",True,False,False,False,True,0.0025025025025025016,0.0001500150015002477,True,True,True,True,True,False,False,False,True,False,False,False
2.0,8.0,0.001,0.15,1.994994994994995,516.5980022131506,True,True,True,1.9996999699969995,71.37511939042645,True,True,True,1,True,,2.0,3.0,"[1.9996999699969997, 3.999099909990999, 5.999899989999, 7.999299929992999, 10.000100010001, 9.003200320032002, 11.999499949994998, 13.987698769876987, 11.002600260026002, 13.002000200020001]","[71.37511939042645, 50.85163678286085, 42.951114404162084, 37.57478920707426, 34.563439683009015, 32.697058349278244, 32.408335073667644, 30.010519030360452, 29.263483815601617, 26.507617882727857]",True,False,False,False,True,0.0025025025025025016,0.0001500150015002477,True,True,True,True,True,False,False,False,True,False,False,False
2.0,8.0,0.001,0.45,1.994994994994995,523.6326355371211,True,True,True,1.9996999699969995,68.1440250789243,True,True,True,1,True,3.0,2.0,4.0,"[1.9996999699969997, 4.000500050005, 1.0, 6.0027002700270025, 8.000700070007, 8.998999899989998, 9.998699869986998, 12.003700370037004, 10.999799979998, 13.998899889988998]","[68.1440250789243, 51.947264859935416, 48.3197310532889, 43.11424611361753, 37.090988224445496, 34.577956576683434, 33.67450684554191, 30.88070605619818, 29.284885241011153, 29.26281056666826]",True,False,False,False,True,0.0025025025025025016,0.0001500150015002477,True,True,True,True,True,False,False,False,True,False,False,False
2.0,8.0,0.001,0.75,1.994994994994995,533.1978774414894,True,True,True,1.9996999699969995,70.86198477876519,True,True,True,1,True,,2.0,3.0,"[1.9996999699969997, 3.999099909990999, 5.998499849984999, 7.999299929992999, 6.998199819981998, 10.000100010001, 11.001200120012001, 9.000400040004001, 11.999499949994998, 14.003100310031003]","[70.86198477876519, 50.55913634822727, 43.32998329967311, 38.65090246361337, 35.36995472170986, 33.55396584589443, 32.10197752219935, 31.90019345691735, 31.473933689419745, 29.44185247012779]",True,False,False,False,True,0.0025025025025025016,0.0001500150015002477,True,True,True,True,True,False,False,False,True,False,False,False
5.0,2.0,0.0002,0.15,11.72072072072072,51.40852809122192,False,False,False,2.512151215121512,18.526646771988244,True,True,True,4,True,1.0,10.0,,"[2.512151215121512, 3.3494349434943493, 4.186718671867187, 4.998799879987999, 5.8612861286128615, 6.698569856985698, 8.373137313731373, 7.541454145414542, 9.21042104210421, 10.047704770477047]","[18.526646771988244, 16.64742435321959, 14.479531794437952, 14.2431899403127, 13.047615775117835, 12.094432581829878, 11.98307252415835, 11.557159318840585, 10.693305754887307, 10.38381014664284]",False,False,True,False,True,1.3441441441441442,0.4975697569756976,False,False,False,False,False,False,False,True,False,True,False,True
5.0,2.0,0.0002,0.45,11.72072072072072,49.450904701527655,False,False,False,2.512151215121512,18.61473776793468,True,True,True,4,True,1.0,10.0,,"[2.512151215121512, 3.3494349434943493, 4.186718671867187, 5.024002400240024, 5.8612861286128615, 6.698569856985698, 8.373137313731373, 7.541454145414542, 9.21042104210421, 10.047704770477047]","[18.61473776793468, 16.61249816178897, 14.446593701623971, 13.952446308514022, 13.026204218787473, 12.072293186974338, 11.969555540424917, 11.541047690048641, 10.692360436551429, 10.36760387733506]",False,False,True,False,True,1.3441441441441442,0.4975697569756976,False,False,False,False,False,False,False,True,False,True,False,True
5.0,2.0,0.0002,0.75,11.72072072072072,47.41571490691889,False,False,False,2.512151215121512,18.554735712947977,True,True,True,3,True,1.0,9.0,,"[2.512151215121512, 4.186718671867187, 5.024002400240024, 5.8612861286128615, 6.698569856985698, 8.373137313731373, 7.5386538653865385, 9.21042104210421, 10.047704770477047, 11.725072507250724]","[18.554735712947974, 14.379367474862526, 13.905331034129098, 12.977556979445776, 12.023892871347151, 11.933747182456539, 11.502075339495725, 10.676445548624438, 10.330091621457377, 9.96838944182511]",False,False,True,False,True,1.3441441441441442,0.4975697569756976,False,False,False,False,False,False,False,True,False,True,False,True
5.0,2.0,0.0005,0.15,4.993993993993994,82.26547612983373,True,True,True,4.998799879987999,30.68985123795092,True,True,True,1,True,5.0,2.0,4.0,"[4.998799879987999, 10.001500150015001, 12.5007500750075, 14.998599859985998, 2.512151215121512, 3.3494349434943493, 7.502250225022502, 4.186718671867187, 5.8612861286128615, 13.332433243324331]","[30.689851237950922, 22.2265658415975, 19.184729540337138, 18.763973779827776, 18.331920780157528, 16.12176801141348, 15.56839956141968, 14.175387548919636, 12.826561528214576, 11.939955110565226]",True,False,False,False,True,0.0012012012012011298,0.0002400240024002187,True,True,True,True,True,False,False,False,True,False,False,False
5.0,2.0,0.0005,0.45,4.993993993993994,81.68640597669989,True,True,True,5.0002000200020005,25.56696653882849,True,True,True,1,True,3.0,2.0,5.0,"[5.0002000200020005, 10.000100010001, 2.512151215121512, 3.3494349434943493, 14.98879887988799, 7.499449944994499, 4.186718671867187, 5.8612861286128615, 12.495149514951494, 8.373137313731373]","[25.56696653882849, 18.51647121377305, 18.372788787334336, 16.00030714908439, 15.632104644868692, 15.36917718338939, 14.12321899359808, 12.760496851507812, 12.48834303695482, 11.872525412439515]",True,False,False,False,True,0.0012012012012011298,4.0004000400095666e-05,True,True,True,True,True,False,False,False,True,False,False,False
5.0,2.0,0.0005,0.75,4.993993993993994,81.43940921125245,True,True,True,4.998799879987999,28.113506715315257,True,True,True,1,True,5.0,3.0,4.0,"[4.998799879987999, 7.498049804980498, 10.000100010001, 14.998599859985998, 2.512151215121512, 12.497949794979498, 4.186718671867187, 5.8612861286128615, 8.373137313731373, 6.698569856985698]","[28.113506715315257, 24.371322433142044, 20.90994807019181, 18.90170685651684, 18.128092761854436, 14.285777819330072, 13.996531365677624, 12.615224000167542, 11.764764969706095, 11.739753928705905]",True,False,False,False,True,0.0012012012012011298,0.0002400240024002187,True,True,True,True,True,False,False,False,True,False,False,False
5.0,2.0,0.001,0.15,4.993993993993994,159.4738349063784,True,True,True,4.998799879987999,52.37007964244307,True,True,True,1,True,7.0,2.0,4.0,"[4.998799879987999, 10.001500150015001, 12.5007500750075, 14.994399439943994, 7.502250225022502, 13.338033803380338, 2.512151215121512, 3.3494349434943493, 4.186718671867187, 5.8612861286128615]","[52.37007964244307, 38.741178710410736, 33.609291964810836, 32.27768336384667, 32.092181338580744, 18.90160608833507, 17.431858303599828, 15.830294838721812, 13.830453201439045, 12.286307189838155]",True,False,False,False,True,0.0012012012012011298,0.0002400240024002187,True,True,True,True,True,False,False,False,True,False,False,False
5.0,2.0,0.001,0.45,4.993993993993994,158.9302855086905,True,True,True,5.0002000200020005,48.136605375122464,True,True,True,1,True,7.0,2.0,4.0,"[5.0002000200020005, 9.997299729972998, 7.499449944994499, 14.998599859985998, 12.497949794979498, 13.332433243324331, 2.512151215121512, 3.3494349434943493, 4.186718671867187, 5.8612861286128615]","[48.136605375122464, 34.75447525572361, 32.47812385897317, 28.578211948808022, 26.052663662059395, 20.751318751863845, 17.61271656189247, 15.624674575738958, 13.641497674445267, 12.140888635589846]",True,False,False,False,True,0.0012012012012011298,4.0004000400095666e-05,True,True,True,True,True,False,False,False,True,False,False,False
5.0,2.0,0.001,0.75,4.993993993993994,162.32432061507288,True,True,True,4.998799879987999,50.91825847659068,True,True,True,1,True,6.0,3.0,4.0,"[4.998799879987999, 7.5008500850085005, 10.000100010001, 15.0, 12.497949794979498, 2.512151215121512, 11.664866486648664, 4.186718671867187, 5.8612861286128615, 6.698569856985698]","[50.91825847659068, 43.090562278185175, 37.43866290564104, 32.39823891060939, 28.01938409827855, 17.3558223860495, 13.877320874531565, 13.455457061806605, 12.00355266246384, 11.839482757480672]",True,False,False,False,True,0.0012012012012011298,0.0002400240024002187,True,True,True,True,True,False,False,False,True,False,False,False
5.0,4.0,0.0002,0.15,4.993993993993994,59.29047923845442,True,False,False,2.512151215121512,19.010986329387585,True,True,True,4,True,1.0,8.0,7.0,"[2.512151215121512, 3.3494349434943493, 4.186718671867187, 5.001600160016001, 5.8612861286128615, 6.698569856985698, 15.0, 10.000100010001, 7.541454145414542, 8.373137313731373]","[19.010986329387585, 16.83351665920636, 15.188650301452816, 14.863100585318167, 13.13481397327157, 12.993930496592096, 12.395874114027938, 12.246296785660409, 11.634129194645437, 11.215508361335779]",False,False,True,False,True,0.0012012012012011298,0.4975697569756976,True,False,False,False,False,False,False,True,False,True,False,True
5.0,4.0,0.0002,0.45,5.008008008008008,61.21730846881703,True,True,True,2.512151215121512,18.620477395857996,True,True,True,2,True,1.0,5.0,8.0,"[2.512151215121512, 5.0002000200020005, 3.3494349434943493, 4.186718671867187, 10.001500150015001, 5.8612861286128615, 6.698569856985698, 14.998599859985998, 8.373137313731373, 7.541454145414542]","[18.620477395857996, 17.927472561028328, 16.684161142904806, 14.422473417241347, 13.11765998641669, 13.02101041929873, 12.880303893030053, 12.11719032915906, 11.977082791898564, 11.542156221055965]",True,False,False,False,True,0.0016016016016015655,0.4975697569756976,True,False,True,False,False,True,False,False,True,True,False,False
5.0,4.0,0.0002,0.75,4.993993993993994,52.17026835201962,True,False,False,2.512151215121512,18.633621839656087,True,True,True,2,True,1.0,6.0,9.0,"[2.512151215121512, 5.0002000200020005, 3.3494349434943493, 4.186718671867187, 5.8612861286128615, 10.000100010001, 6.698569856985698, 8.373137313731373, 15.0, 7.5386538653865385]","[18.633621839656087, 16.449275085822688, 15.894237973875823, 14.468428600005097, 13.041732939739724, 12.683948485266733, 12.08783689110182, 11.980734355733716, 11.779287275803856, 11.553371278517988]",False,False,True,False,True,0.0012012012012011298,0.4975697569756976,True,False,False,False,False,False,False,True,False,True,False,True
5.0,4.0,0.0005,0.15,4.993993993993994,135.82850873577178,True,True,True,5.001600160016001,41.506225040792096,True,True,True,1,True,4.0,2.0,3.0,"[5.001600160016001, 10.000100010001, 15.0, 2.512151215121512, 7.5008500850085005, 12.496549654965497, 4.186718671867187, 5.8612861286128615, 6.698569856985698, 9.21042104210421]","[41.506225040792096, 31.819034593845913, 28.017515630985056, 18.785750693673478, 17.422459925763246, 16.475574408986766, 14.45930362682631, 12.880143005950611, 12.734123218321997, 10.94167331969895]",True,False,False,False,True,0.0012012012012011298,0.0003200320032002324,True,True,True,True,True,False,False,False,True,False,False,False
5.0,4.0,0.0005,0.45,4.993993993993994,134.8560741804568,True,True,True,5.0002000200020005,41.147657205614394,True,True,True,1,True,6.0,2.0,3.0,"[5.0002000200020005, 10.001500150015001, 14.994399439943994, 7.498049804980498, 12.497949794979498, 2.512151215121512, 4.186718671867187, 13.333833383338334, 5.8612861286128615, 11.636863686368637]","[41.147657205614394, 32.20801852943232, 27.61007044830581, 22.966236609019766, 20.203980301371736, 18.265727653036794, 14.152119212731748, 13.383409348771686, 12.710220486697875, 12.62489741047008]",True,False,False,False,True,0.0012012012012011298,4.0004000400095666e-05,True,True,True,True,True,False,False,False,True,False,False,False
5.0,4.0,0.0005,0.75,4.993993993993994,132.70852717958158,True,True,True,5.0002000200020005,43.94660367996614,True,True,True,1,True,6.0,2.0,4.0,"[5.0002000200020005, 10.001500150015001, 7.498049804980498, 14.998599859985998, 12.497949794979498, 2.512151215121512, 4.186718671867187, 5.8612861286128615, 8.373137313731373, 6.698569856985698]","[43.94660367996614, 32.93746625958721, 29.556867286021898, 29.037816286306374, 26.67457672433681, 18.440186128630867, 14.350003222115719, 12.803729789473245, 11.90877795104851, 11.812552865315624]",True,False,False,False,True,0.0012012012012011298,4.0004000400095666e-05,True,True,True,True,True,False,False,False,True,False,False,False
5.0,4.0,0.001,0.15,4.993993993993994,264.96053559310604,True,True,True,5.0002000200020005,84.68912396614034,True,True,True,1,True,6.0,2.0,3.0,"[5.0002000200020005, 10.000100010001, 15.0, 7.5008500850085005, 12.5007500750075, 2.512151215121512, 4.186718671867187, 13.374437443744375, 5.8612861286128615, 6.698569856985698]","[84.68912396614034, 63.26130451210465, 52.99821594367369, 35.64731741660914, 30.902592875676156, 18.193428520464145, 14.319883282753766, 14.191864238469302, 12.305095781115721, 12.161220283770087]",True,False,False,False,True,0.0012012012012011298,4.0004000400095666e-05,True,True,True,True,True,False,False,False,True,False,False,False
5.0,4.0,0.001,0.45,4.993993993993994,264.80231948132047,True,True,True,4.998799879987999,83.54201547195672,True,True,True,1,True,7.0,2.0,3.0,"[4.998799879987999, 10.001500150015001, 15.0, 7.5008500850085005, 12.497949794979498, 13.333833383338334, 2.512151215121512, 14.516951695169517, 13.996099609960996, 11.66066606660666]","[83.54201547195672, 62.35038094268825, 51.72961828794365, 38.317286429649116, 33.230939322838005, 25.87777962030267, 17.532791759377712, 14.836952339512251, 14.6328369784463, 13.315093554309113]",True,False,False,False,True,0.0012012012012011298,0.0002400240024002187,True,True,True,True,True,False,False,False,True,False,False,False
5.0,4.0,0.001,0.75,4.993993993993994,266.93895855885165,True,True,True,5.0002000200020005,88.06307158729824,True,True,True,1,True,6.0,3.0,4.0,"[5.0002000200020005, 7.498049804980498, 10.001500150015001, 15.0, 12.497949794979498, 2.512151215121512, 11.67046704670467, 4.186718671867187, 5.8612861286128615, 6.698569856985698]","[88.06307158729824, 66.45017400479202, 65.17779276500285, 56.35541757066816, 53.4522571241838, 17.655916299940223, 16.56742916892469, 13.678648815154547, 12.168563555257396, 11.997347121709401]",True,False,False,False,True,0.0012012012012011298,4.0004000400095666e-05,True,True,True,True,True,False,False,False,True,False,False,False
5.0,8.0,0.0002,0.15,5.008008008008008,89.44472498017102,True,True,True,2.512151215121512,19.028352776201658,True,True,True,3,True,1.0,8.0,,"[2.512151215121512, 4.186718671867187, 5.024002400240024, 6.698569856985698, 5.8612861286128615, 8.373137313731373, 7.535853585358535, 10.047704770477047, 9.21042104210421, 11.726472647264726]","[19.028352776201658, 14.961619536969359, 14.023187635253796, 13.690078145658868, 13.17964206801782, 13.133343212299144, 11.69648924210534, 10.806583548364781, 10.67004588849424, 10.147492356524255]",True,False,False,False,True,0.0016016016016015655,0.4975697569756976,True,False,True,False,False,True,False,False,True,True,False,False
5.0,8.0,0.0002,0.45,5.008008008008008,89.42314222091917,True,True,True,2.512151215121512,18.66362936396835,True,True,True,4,True,1.0,10.0,,"[2.512151215121512, 3.3494349434943493, 4.186718671867187, 5.024002400240024, 5.8612861286128615, 6.698569856985698, 8.373137313731373, 7.541454145414542, 9.21042104210421, 10.047704770477047]","[18.663629363968354, 16.658042628129362, 14.486563469570472, 13.989302383900874, 13.061070495821602, 12.104931307776438, 12.000721575882297, 11.571533936997904, 10.718624928628628, 10.395235794391704]",True,False,False,False,True,0.0016016016016015655,0.4975697569756976,True,False,True,False,False,True,False,False,True,True,False,False
5.0,8.0,0.0002,0.75,4.993993993993994,79.1590368483625,True,True,True,2.512151215121512,18.67674940827868,True,True,True,4,True,1.0,10.0,,"[2.512151215121512, 3.3494349434943493, 4.186718671867187, 5.024002400240024, 5.8612861286128615, 8.373137313731373, 6.698569856985698, 7.5386538653865385, 12.56095609560956, 10.047704770477047]","[18.676749408278678, 15.934064275127824, 14.93337149202304, 14.099953594030266, 13.285724223622445, 13.108305535387814, 12.615309864030595, 11.75377011871308, 11.029688511296106, 10.831507971338223]",True,False,False,False,True,0.0012012012012011298,0.4975697569756976,True,False,True,False,False,True,False,False,True,True,False,False
5.0,8.0,0.0005,0.15,4.993993993993994,205.2295760603701,True,True,True,5.0002000200020005,26.94002144343193,True,True,True,1,True,3.0,2.0,4.0,"[5.0002000200020005, 9.998699869986998, 2.512151215121512, 14.994399439943994, 4.186718671867187, 6.698569856985698, 5.8612861286128615, 8.373137313731373, 7.5008500850085005, 13.333833383338334]","[26.94002144343193, 20.217128270618996, 18.847411622636546, 17.402406243441305, 14.742127180719875, 14.320800750392884, 13.040945705142606, 12.824603890495537, 12.410213288057962, 12.290203573866462]",True,False,False,False,True,0.0012012012012011298,4.0004000400095666e-05,True,True,True,True,True,False,False,False,True,False,False,False
5.0,8.0,0.0005,0.45,4.993993993993994,207.8819137693952,True,True,True,5.0002000200020005,25.626469020384288,True,True,True,1,True,4.0,3.0,5.0,"[5.0002000200020005, 7.499449944994499, 10.001500150015001, 2.512151215121512, 14.998599859985998, 4.186718671867187, 12.497949794979498, 5.8612861286128615, 8.373137313731373, 6.698569856985698]","[25.626469020384288, 20.26815598532842, 19.648311610204864, 18.40952627166562, 16.291931095267454, 14.139490577503212, 13.410052277687367, 12.78120292717499, 11.886449875746418, 11.792282819376213]",True,False,False,False,True,0.0012012012012011298,4.0004000400095666e-05,True,True,True,True,True,False,False,False,True,False,False,False
5.0,8.0,0.0005,0.75,4.993993993993994,201.9759864451981,True,True,True,5.0002000200020005,27.092687991859936,True,True,True,1,True,4.0,2.0,5.0,"[5.0002000200020005, 10.001500150015001, 7.5008500850085005, 2.512151215121512, 14.998599859985998, 4.186718671867187, 12.495149514951494, 5.8612861286128615, 8.373137313731373, 6.698569856985698]","[27.092687991859936, 20.59101698557455, 19.405283255684935, 18.290927789740756, 17.169268961476718, 14.752778443482706, 13.299539544283489, 13.048185702940316, 12.830483124851847, 12.444279271963723]",True,False,False,False,True,0.0012012012012011298,4.0004000400095666e-05,True,True,True,True,True,False,False,False,True,False,False,False
5.0,8.0,0.001,0.15,4.993993993993994,403.32134810772993,True,True,True,5.0002000200020005,49.49013711559217,True,True,True,1,True,7.0,2.0,3.0,"[5.0002000200020005, 9.998699869986998, 14.994399439943994, 7.498049804980498, 13.33103310331033, 12.493749374937494, 2.512151215121512, 4.186718671867187, 6.698569856985698, 5.8612861286128615]","[49.49013711559217, 35.914919305405725, 30.54930728758248, 29.426350698965635, 23.69937345895108, 22.066326555730864, 18.051300692958677, 14.202321988093361, 13.751865722074578, 12.434700836450673]",True,False,False,False,True,0.0012012012012011298,4.0004000400095666e-05,True,True,True,True,True,False,False,False,True,False,False,False
5.0,8.0,0.001,0.45,4.993993993993994,405.68187568369984,True,True,True,4.998799879987999,48.47732038094711,True,True,True,1,True,6.0,3.0,4.0,"[4.998799879987999, 7.5008500850085005, 10.001500150015001, 14.998599859985998, 12.499349934993498, 2.512151215121512, 13.332433243324331, 4.186718671867187, 11.664866486648664, 5.8612861286128615]","[48.47732038094711, 38.21906200987678, 35.96158056526606, 29.40745660854372, 27.892010815975766, 17.6773670021402, 15.932915094859952, 13.69913159031749, 13.469738350032305, 12.181148337774808]",True,False,False,False,True,0.0012012012012011298,0.0002400240024002187,True,True,True,True,True,False,False,False,True,False,False,False
5.0,8.0,0.001,0.75,4.993993993993994,406.670902439924,True,True,True,5.0002000200020005,50.16438023069309,True,True,True,1,True,7.0,3.0,4.0,"[5.0002000200020005, 7.5008500850085005, 10.001500150015001, 15.0, 12.496549654965497, 13.332433243324331, 2.512151215121512, 4.186718671867187, 11.662066206620661, 5.8612861286128615]","[50.164380230693084, 37.25588587735116, 37.02818672991163, 30.010470988630203, 27.006696911920695, 18.031377990752194, 17.571588553217108, 14.213941613320678, 14.094430680740324, 12.443290685991492]",True,False,False,False,True,0.0012012012012011298,4.0004000400095666e-05,True,True,True,True,True,False,False,False,True,False,False,False
10.0,2.0,0.0002,0.15,11.72072072072072,47.9190762322691,False,False,False,2.512151215121512,18.76989024228601,False,True,False,10,True,4.0,,,"[2.512151215121512, 3.3494349434943493, 4.186718671867187, 5.024002400240024, 5.8612861286128615, 6.698569856985698, 8.373137313731373, 7.535853585358535, 9.21042104210421, 10.047704770477047]","[18.76989024228601, 16.766845065688702, 14.583835470218892, 14.070483491416274, 13.582823746799868, 12.180643449272926, 12.0670611649477, 11.02970376623675, 10.76636823233264, 10.457352056203492]",False,False,False,True,False,0.17207207207207204,0.7487848784878488,False,False,False,False,False,False,False,True,False,True,False,True
10.0,2.0,0.0002,0.45,11.72072072072072,47.89258583026523,False,False,False,2.512151215121512,18.70499668269876,False,True,False,10,True,4.0,,,"[2.512151215121512, 3.3494349434943493, 4.186718671867187, 5.024002400240024, 5.8612861286128615, 6.698569856985698, 8.373137313731373, 7.5386538653865385, 9.21042104210421, 10.047704770477047]","[18.70499668269876, 16.71518253005399, 14.540096486642073, 14.02252992332367, 13.096925371571071, 12.141599442938993, 12.024444282006518, 11.599018767157578, 10.723145561985541, 10.422521666676573]",False,False,False,True,False,0.17207207207207204,0.7487848784878488,False,False,False,False,False,False,False,True,False,True,False,True
10.0,2.0,0.0002,0.75,11.72072072072072,49.90881509173701,False,False,False,2.512151215121512,18.796234567851016,False,True,False,10,True,4.0,,,"[2.512151215121512, 3.3494349434943493, 4.186718671867187, 5.024002400240024, 8.373137313731373, 5.8612861286128615, 6.698569856985698, 7.541454145414542, 9.21042104210421, 10.047704770477047]","[18.796234567851016, 16.866952508368065, 15.0219051735328, 14.090435689532425, 13.199329906431396, 13.159277710784256, 13.018203893665154, 11.65518839282145, 10.779714853865022, 10.57593460311803]",False,False,False,True,False,0.17207207207207204,0.7487848784878488,False,False,False,False,False,False,False,True,False,True,False,True
10.0,2.0,0.0005,0.15,9.996996996996996,80.46853945130341,True,True,True,10.000100010001,20.480149262166854,True,True,True,1,True,4.0,,,"[10.000100010001, 2.512151215121512, 4.186718671867187, 5.024002400240024, 5.8612861286128615, 14.992999299929993, 8.373137313731373, 6.698569856985698, 7.535853585358535, 9.21042104210421]","[20.480149262166854, 18.682526674590108, 14.3214905629726, 13.981084208048395, 13.360959745368932, 12.94561584767893, 12.041864868510306, 12.018030726503179, 11.024060161304476, 10.6380099839603]",True,False,False,False,True,0.00030030030030037125,1.0001000100068325e-05,True,True,True,True,True,False,False,False,True,False,False,False
10.0,2.0,0.0005,0.45,9.996996996996996,71.91434730594662,True,True,True,10.001500150015,21.612814290647037,True,True,True,1,True,5.0,,,"[10.001500150015001, 2.512151215121512, 15.0, 4.186718671867187, 5.024002400240024, 5.8612861286128615, 8.373137313731373, 6.698569856985698, 7.54005400540054, 9.21042104210421]","[21.612814290647037, 18.54542734228714, 17.643477179857268, 14.215046023528412, 13.879247326768235, 12.911629591008246, 11.952510787677994, 11.93321153317095, 11.4804996742734, 10.560523735850152]",True,False,False,False,True,0.00030030030030037125,0.00015001500149995904,True,True,True,True,True,False,False,False,True,False,False,False
10.0,2.0,0.0005,0.75,9.996996996996996,79.75052738898725,True,True,True,9.998699869986998,19.83385423459712,True,True,True,1,True,4.0,,,"[9.998699869986998, 2.512151215121512, 4.186718671867187, 5.0002000200020005, 14.998599859985998, 8.373137313731373, 5.8612861286128615, 6.698569856985698, 11.940694069406941, 7.541454145414542]","[19.83385423459712, 18.660155327186587, 14.950063022909188, 14.761953217413229, 14.663901331924192, 13.06601291811086, 12.992225954202254, 12.847684091521302, 11.675544373288862, 11.551713498099538]",True,False,False,False,True,0.00030030030030037125,0.0001300130013001777,True,True,True,True,True,False,False,False,True,False,False,False
10.0,2.0,0.001,0.15,9.996996996996996,152.116419950585,True,True,True,10.000100010001,38.50413519158591,True,True,True,1,True,5.0,,,"[10.000100010001, 14.998599859985998, 2.512151215121512, 4.186718671867187, 5.024002400240024, 5.8612861286128615, 6.698569856985698, 8.373137313731373, 14.827782778277827, 7.535853585358535]","[38.50413519158591, 23.69476058035172, 18.228796714378454, 14.180746334856137, 13.44100846234835, 13.029698484951064, 12.272744051362789, 11.909784622182478, 11.896361495951139, 10.839698374384175]",True,False,False,False,True,0.00030030030030037125,1.0001000100068325e-05,True,True,True,True,True,False,False,False,True,False,False,False
10.0,2.0,0.001,0.45,9.996996996996996,145.68363970377212,True,True,True,10.000100010001,40.99677978777928,True,True,True,1,True,3.0,,,"[10.000100010001, 14.998599859985998, 4.998799879987999, 2.512151215121512, 13.333833383338334, 4.186718671867187, 5.8612861286128615, 6.698569856985698, 8.373137313731373, 13.928892889288928]","[40.99677978777928, 33.64077716198819, 23.391300179168127, 18.15084773641969, 16.585869136010732, 14.120205235710841, 12.569874373144998, 12.219841528446242, 11.858942975547421, 11.671872426953065]",True,False,False,False,True,0.00030030030030037125,1.0001000100068325e-05,True,True,True,True,True,False,False,False,True,False,False,False
10.0,2.0,0.001,0.75,9.996996996996996,149.03563284853612,True,True,True,9.998699869986998,37.91845488348719,True,True,True,1,True,3.0,,,"[9.998699869986998, 15.0, 5.0002000200020005, 11.940694069406941, 2.512151215121512, 4.186718671867187, 8.373137313731373, 5.8612861286128615, 6.698569856985698, 13.23162316231623]","[37.91845488348719, 27.998873403651782, 26.844791296937053, 18.301234176200122, 18.19252560350499, 14.784088060560096, 12.75926111004039, 12.610012614445225, 12.457800558078791, 12.145992484967348]",True,False,False,False,True,0.00030030030030037125,0.0001300130013001777,True,True,True,True,True,False,False,False,True,False,False,False
10.0,4.0,0.0002,0.15,9.996996996996996,51.79771591325102,True,False,False,2.512151215121512,18.787495466555725,False,True,False,9,True,4.0,,,"[2.512151215121512, 3.3494349434943493, 4.186718671867187, 5.024002400240024, 5.8612861286128615, 6.698569856985698, 8.373137313731373, 7.5386538653865385, 10.000100010001, 12.56095609560956]","[18.787495466555725, 16.782015004948594, 15.015344193202072, 14.083619777240918, 13.152336286404728, 12.191797482983855, 12.078458648567718, 11.649550473343526, 11.237399930023324, 11.093162436455966]",False,False,False,True,False,0.00030030030030037125,0.7487848784878488,True,False,False,False,False,False,False,True,False,True,False,True
10.0,4.0,0.0002,0.45,11.72072072072072,47.37539177397856,False,False,False,2.512151215121512,18.711292050369757,False,True,False,8,True,3.0,,,"[2.512151215121512, 4.186718671867187, 5.024002400240024, 5.8612861286128615, 6.698569856985698, 8.373137313731373, 7.541454145414542, 10.000100010001, 9.21042104210421, 11.725072507250724]","[18.711292050369757, 14.567650854020947, 14.034683678159325, 13.112054746176351, 12.158312200430677, 12.031127885078824, 11.609071990876908, 11.047919067002946, 10.716069392632994, 10.029393232807672]",False,False,False,True,False,0.17207207207207204,0.7487848784878488,False,False,False,False,False,False,False,True,False,True,False,True
10.0,4.0,0.0002,0.75,9.996996996996996,56.028961202499985,True,False,False,2.512151215121512,18.757453971964317,False,True,False,9,True,4.0,,,"[2.512151215121512, 3.3494349434943493, 4.186718671867187, 5.024002400240024, 5.8612861286128615, 6.698569856985698, 8.373137313731373, 7.541454145414542, 10.002900290029002, 9.21042104210421]","[18.757453971964317, 16.825514285323546, 14.566384156064466, 14.060353556392915, 13.128984844150708, 12.168996453174108, 12.060111687233293, 11.630305348980627, 11.54502461266986, 10.766228254590567]",False,False,False,True,False,0.00030030030030037125,0.7487848784878488,True,False,False,False,False,False,False,True,False,True,False,True
10.0,4.0,0.0005,0.15,9.996996996996996,118.57225987750212,True,True,True,9.998699869986998,28.29379879842308,True,True,True,1,True,6.0,,,"[9.998699869986998, 2.512151215121512, 3.3494349434943493, 4.186718671867187, 15.0, 5.024002400240024, 5.8612861286128615, 8.373137313731373, 6.698569856985698, 7.541454145414542]","[28.29379879842308, 18.59623344046441, 16.36537785947016, 14.90019617130797, 14.292655707432749, 13.916659570087392, 12.945102839972089, 11.986046220215934, 11.96319800729484, 11.511445966757938]",True,False,False,False,True,0.00030030030030037125,0.0001300130013001777,True,True,True,True,True,False,False,False,True,False,False,False
10.0,4.0,0.0005,0.45,9.996996996996996,109.15795466564282,True,True,True,9.997299729972998,30.86085456566407,True,True,True,1,True,5.0,,,"[9.997299729972998, 2.512151215121512, 15.0, 4.186718671867187, 5.024002400240024, 5.8612861286128615, 6.698569856985698, 8.373137313731373, 14.74937493749375, 7.541454145414542]","[30.86085456566407, 18.622719412216874, 14.60874672661343, 14.287776027913004, 13.941324486050206, 12.978602510663016, 12.001695684599532, 11.996843209124341, 11.878166425672998, 11.53184805002732]",True,False,False,False,True,0.00030030030030037125,0.00027002700270024605,True,True,True,True,True,False,False,False,True,False,False,False
10.0,4.0,0.0005,0.75,9.996996996996996,121.82366302408175,True,True,True,9.998699869986998,31.04251753619284,True,True,True,1,True,5.0,,,"[9.998699869986998, 2.512151215121512, 3.3494349434943493, 4.186718671867187, 5.024002400240024, 14.998599859985998, 5.8612861286128615, 8.373137313731373, 6.698569856985698, 7.54005400540054]","[31.04251753619284, 18.631351708903352, 16.395746131400387, 14.412559475699789, 13.942900878689677, 13.891326980838778, 12.969425513692844, 12.008732913689414, 11.81382953117353, 11.533151995029371]",True,False,False,False,True,0.00030030030030037125,0.0001300130013001777,True,True,True,True,True,False,False,False,True,False,False,False
10.0,4.0,0.001,0.15,9.996996996996996,229.86316648458725,True,True,True,9.998699869986998,58.859130993426795,True,True,True,1,True,6.0,,,"[9.998699869986998, 15.0, 2.512151215121512, 3.3494349434943493, 4.186718671867187, 5.024002400240024, 5.8612861286128615, 6.698569856985698, 8.373137313731373, 7.54005400540054]","[58.859130993426795, 27.596079505950712, 18.186707776092664, 15.800654105218841, 14.773973693511385, 13.406957201797935, 12.592356727700931, 12.247465826846973, 11.881660901574985, 11.300935292974327]",True,False,False,False,True,0.00030030030030037125,0.0001300130013001777,True,True,True,True,True,False,False,False,True,False,False,False
10.0,4.0,0.001,0.45,9.996996996996996,221.271962995892,True,True,True,9.997299729972998,64.8553199629846,True,True,True,1,True,7.0,,,"[9.997299729972998, 14.998599859985998, 14.746574657465747, 2.512151215121512, 13.326832683268327, 4.186718671867187, 4.998799879987999, 5.8612861286128615, 6.698569856985698, 8.373137313731373]","[64.8553199629846, 26.855135178615477, 18.24804043245072, 18.169384401334778, 14.23681677167767, 14.147494177963742, 14.106716569790706, 12.620374683272093, 12.17655261224278, 11.882448118144897]",True,False,False,False,True,0.00030030030030037125,0.00027002700270024605,True,True,True,True,True,False,False,False,True,False,False,False
10.0,4.0,0.001,0.75,9.996996996996996,231.4814993933849,True,True,True,9.998699869986998,63.561314951936424,True,True,True,1,True,7.0,,,"[9.998699869986998, 14.998599859985998, 13.32963296329633, 2.512151215121512, 3.3494349434943493, 4.186718671867187, 5.024002400240024, 5.8612861286128615, 6.698569856985698, 8.373137313731373]","[63.561314951936424, 26.805576471373072, 22.01645396087738, 18.218609253037013, 15.787852992623687, 14.177565793704778, 13.453686051394735, 12.630337499800131, 12.245417122485044, 11.90731050506794]",True,False,False,False,True,0.00030030030030037125,0.0001300130013001777,True,True,True,True,True,False,False,False,True,False,False,False
10.0,8.0,0.0002,0.15,9.996996996996996,69.36315906258235,True,True,True,2.512151215121512,18.757924885251526,False,True,False,10,True,4.0,,,"[2.512151215121512, 3.3494349434943493, 4.186718671867187, 5.024002400240024, 5.8612861286128615, 6.698569856985698, 8.373137313731373, 7.54005400540054, 9.21042104210421, 10.047704770477047]","[18.757924885251526, 16.768432448456405, 15.207647107146661, 14.063522115249743, 13.13641779925754, 12.179068981485281, 12.05840200388883, 11.632926286418177, 10.749266521289888, 10.45363761981946]",False,True,False,False,True,0.00030030030030037125,0.7487848784878488,True,False,True,False,False,True,False,False,True,True,False,False
10.0,8.0,0.0002,0.45,9.996996996996996,61.30860182679156,True,True,True,2.512151215121512,18.80701524263942,False,True,False,9,True,3.0,,,"[2.512151215121512, 4.186718671867187, 5.024002400240024, 5.8612861286128615, 6.698569856985698, 8.373137313731373, 7.541454145414542, 9.21042104210421, 10.047704770477047, 11.725072507250724]","[18.80701524263942, 14.657229161310068, 14.112055554357951, 13.186682025589032, 12.22917632584844, 12.095137076792698, 11.673071700557353, 10.764998722125672, 10.492361001373384, 10.079291117360185]",False,True,False,False,True,0.00030030030030037125,0.7487848784878488,True,False,True,False,False,True,False,False,True,True,False,False
10.0,8.0,0.0002,0.75,9.996996996996996,73.52538683894618,True,True,True,2.512151215121512,18.730435029095936,False,True,False,10,True,4.0,,,"[2.512151215121512, 3.3494349434943493, 4.186718671867187, 5.024002400240024, 5.8612861286128615, 6.698569856985698, 8.373137313731373, 7.541454145414542, 9.21042104210421, 10.047704770477047]","[18.730435029095936, 16.731600187422778, 14.553179373555716, 14.040906639677097, 13.112580121272686, 12.155039071089105, 12.041695644385353, 11.614219439149553, 10.743736962445322, 10.435370164467297]",False,True,False,False,True,0.00030030030030037125,0.7487848784878488,True,False,True,False,False,True,False,False,True,True,False,False
10.0,8.0,0.0005,0.15,9.996996996996996,163.3240782986951,True,True,True,9.998699869986998,20.190382875470235,True,True,True,1,True,5.0,,,"[9.998699869986998, 2.512151215121512, 3.3494349434943493, 4.186718671867187, 5.024002400240024, 5.8612861286128615, 14.998599859985998, 8.373137313731373, 6.698569856985698, 7.5386538653865385]","[20.190382875470235, 18.554162598306505, 16.36175440875436, 14.679768119286042, 13.887648295100142, 12.923506118001114, 12.788591116333235, 11.955726757850327, 11.947088105488023, 11.487448704860384]",True,False,False,False,True,0.00030030030030037125,0.0001300130013001777,True,True,True,True,True,False,False,False,True,False,False,False
10.0,8.0,0.0005,0.45,9.996996996996996,157.3292592758521,True,True,True,2.512151215121512,18.69767572167975,False,True,False,2,True,4.0,,,"[2.512151215121512, 9.998699869986998, 14.985998599859986, 4.997399739973997, 4.186718671867187, 5.8612861286128615, 6.698569856985698, 8.373137313731373, 7.541454145414542, 9.21042104210421]","[18.69767572167975, 18.32646067374541, 15.986796911483692, 14.86091375942856, 14.400480481466689, 13.04106425315747, 12.064566733407274, 12.040871989069087, 11.580983049241667, 10.685599437061722]",False,True,False,False,True,0.00030030030030037125,0.7487848784878488,True,False,True,False,False,True,False,False,True,True,False,False
10.0,8.0,0.0005,0.75,9.996996996996996,165.09858012496977,True,True,True,10.000100010001,20.28917516587344,True,True,True,1,True,4.0,,,"[10.000100010001, 2.512151215121512, 4.186718671867187, 5.024002400240024, 5.8612861286128615, 14.998599859985998, 8.373137313731373, 6.698569856985698, 7.541454145414542, 9.21042104210421]","[20.28917516587344, 18.527328476725657, 14.20157972738231, 13.865472682593467, 12.898314909241558, 12.345502867314405, 11.941143487411104, 11.920548516722477, 11.469105699208436, 10.550042803178826]",True,False,False,False,True,0.00030030030030037125,1.0001000100068325e-05,True,True,True,True,True,False,False,False,True,False,False,False
10.0,8.0,0.001,0.15,9.996996996996996,320.29824910718423,True,True,True,9.998699869986998,38.37173464347944,True,True,True,1,True,6.0,,,"[9.998699869986998, 14.998599859985998, 2.512151215121512, 3.3494349434943493, 4.186718671867187, 5.024002400240024, 13.346434643464345, 11.986898689868987, 5.8612861286128615, 6.698569856985698]","[38.37173464347944, 24.787866992728173, 18.17613094790778, 15.730170298793237, 14.567047723132236, 13.434274735885941, 13.393627815743748, 12.780454518111085, 12.60907551297663, 12.20474358427094]",True,False,False,False,True,0.00030030030030037125,0.0001300130013001777,True,True,True,True,True,False,False,False,True,False,False,False
10.0,8.0,0.001,0.45,9.996996996996996,317.36368835761976,True,True,True,10.000100010001,35.76257057014294,True,True,True,1,True,3.0,,,"[10.000100010001, 14.998599859985998, 4.997399739973997, 2.512151215121512, 4.186718671867187, 5.8612861286128615, 6.698569856985698, 8.373137313731373, 7.541454145414542, 9.21042104210421]","[35.76257057014294, 27.43773622713673, 19.263363030673034, 18.24017681141109, 14.211149183892678, 12.710525159838742, 12.163318204033464, 11.941142109761877, 11.382835453883946, 10.470685719489476]",True,False,False,False,True,0.00030030030030037125,1.0001000100068325e-05,True,True,True,True,True,False,False,False,True,False,False,False
10.0,8.0,0.001,0.75,9.996996996996996,317.72056893500917,True,True,True,10.000100010001,38.74529764012195,True,True,True,1,True,3.0,,,"[10.000100010001, 14.998599859985998, 4.997399739973997, 13.339433943394338, 2.512151215121512, 3.3494349434943493, 4.186718671867187, 5.8612861286128615, 6.698569856985698, 8.373137313731373]","[38.74529764012195, 24.435734794550378, 23.47522353877935, 21.442809273788082, 18.155332872682216, 15.75044623289305, 14.125977104862462, 12.57963454217873, 12.21300825773067, 11.863886404246676]",True,False,False,False,True,0.00030030030030037125,1.0001000100068325e-05,True,True,True,True,True,False,False,False,True,False,False,False
