target_id,quarter,sample_stratum,trial_index,trial_seed,null_block_size_cadences,success,error,raw_top1_mes,raw_top1_period_days,raw_top1_epoch_days,raw_top1_duration_hours,event_consistency_score,robust_veto_score,hardened_period_days,hardened_epoch_days,hardened_duration_hours,selected_raw_mes,consistency_weight,valid_event_count,event_observability_fraction,positive_event_fraction,single_event_fraction,leave_one_out_ratio_normalized,event_consistent_flag,transit_consistency_veto_pass,diagnostic_consistency_veto_pass,event_depth_chi2_pvalue,event_depth_reduced_chi2,odd_even_tested,odd_even_depth_pvalue,odd_even_depth_z,odd_even_depth_difference_fraction,robust_event_snr,fails_min_events,fails_observability,fails_positive_events,fails_single_event_dominance,fails_leave_one_out,fails_depth_chi2,fails_odd_even,fails_robust_sign,veto_reason,diagnostic_veto_reason,any_candidate_survives_veto,selection_status,ranking_changed
11245408,5,long_memory,0,3272437534,24,True,,293.3357072845779,8.030659909767564,450.13141355962216,7.846751667559147,222.56831865974942,253.03265208014523,11.831430248741526,454.36134307526663,7.846751667559147,253.03265208014523,0.8796031533086625,8,1.0,1.0,0.3230110061032753,0.7737017073105424,True,True,True,3.202313345543909e-07,6.155960689139034,True,0.009563382120132417,-2.591229032034612,0.35606841413108387,14.479655884134422,False,False,False,False,False,False,False,False,pass,pass,True,raw_failed_event_penalty_rank,True
11245408,5,long_memory,1,2908236586,24,True,,250.12255094952312,8.357607895915862,444.34852105462414,9.808439584448934,189.72228299387862,210.15769226492986,13.466170179483015,443.8581389604151,9.808439584448934,210.15769226492986,0.9027615451482505,8,1.0,0.875,0.22615688150468558,0.858300330714573,True,True,True,5.489257619618216e-64,44.89146923487897,True,0.011520637909362376,-2.5264969794537446,0.3575578628759491,18.6579050687256,False,False,False,False,False,False,False,False,pass,pass,True,raw_failed_event_penalty_rank,True
11245408,5,long_memory,2,4184231394,24,True,,824.7001060495584,2.9220976262004115,445.77891849402295,9.808439584448934,676.3283598710593,805.3489659958025,10.176256068865769,453.1352881202256,9.808439584448934,805.3489659958025,0.8397954035177645,9,1.0,0.7777777777777778,0.28084480668001843,0.7904297887219189,True,True,False,7.959265113958915e-07,5.40342169580451,True,0.027372913620007985,2.2061583606490585,0.8212169886792315,5.995308703258727,False,False,False,False,False,True,False,False,pass,fails_depth_chi2,True,raw_failed_event_penalty_rank,True
11245408,5,long_memory,3,3250795767,24,True,,486.62358391942433,12.832708456320688,450.66270403711314,3.9233758337795734,365.9608746830841,445.8180544970363,11.136665778176393,452.3587866486996,3.9233758337795734,445.8180544970363,0.8208749533393267,8,1.0,0.75,0.29693547045218643,0.7534589920269336,True,True,False,4.032476815080425e-45,32.24528891867642,True,2.2724272476426996e-09,-5.977029741276894,1.5257679905097068,10.283994397523614,False,False,False,False,False,True,True,False,pass,fails_depth_chi2;fails_odd_even,True,raw_failed_event_penalty_rank,True
11245408,5,long_memory,4,1383425954,24,True,,603.3274559205825,14.814830622344743,448.5375421271492,9.808439584448934,474.3422325307321,586.3662065242671,9.747136837046128,443.8581389604151,9.808439584448934,586.3662065242671,0.8089521995860468,10,1.0,0.7,0.2452668162508644,0.7295288396130115,True,True,False,3.7704563772287816e-22,13.631392265339786,True,0.15819445419261055,-1.4111701339972735,0.3547207689428691,6.610285268056309,False,False,False,False,False,True,False,False,pass,fails_depth_chi2,True,raw_failed_event_penalty_rank,True
11245408,5,long_memory,5,360651538,24,True,,782.6287291231271,4.3933635638677515,445.7380499957544,9.808439584448934,629.6958506165869,782.6287291231271,4.3933635638677515,445.738089891478,9.808439584448934,782.6287291231271,0.8045907685015738,22,1.0,0.7272727272727273,0.15770568949255126,0.6530337491203945,True,True,False,2.0147891374387432e-203,48.76834880495982,True,8.005044349104516e-25,10.287718718017256,2.0,9.387427733917294,False,False,False,False,False,True,True,False,pass,fails_depth_chi2;fails_odd_even,True,raw_top1_mes_preserved,False
11245408,5,long_memory,6,2426446735,24,True,,253.49115315203403,3.8212045881082304,446.22847197497686,9.808439584448934,193.35066907538607,213.8259763110605,7.9693571623647586,444.8594171736986,9.808439584448934,213.8259763110605,0.9042431252324168,12,1.0,0.9166666666666666,0.19695298144956913,0.8325299927133215,True,True,False,7.636005666770286e-15,8.338994110704256,True,5.888086103519496e-05,-4.017251550765538,1.1094820691568616,9.061985535887356,False,False,False,False,False,False,True,False,pass,fails_odd_even,True,raw_failed_event_penalty_rank,True
11245408,5,long_memory,7,4082445935,24,True,,239.1151996399324,4.434232062136289,445.2271937673977,9.808439584448934,186.36977891051487,220.74804061347575,14.549185383599252,453.5031046067379,9.808439584448934,220.74804061347575,0.8442647028375833,6,1.0,0.8333333333333334,0.30962465934201455,0.7359177191837382,True,True,False,2.4791413685327117e-49,47.52519949380551,True,5.970350719370134e-10,-6.191211570083315,0.7400160853274406,15.428782598545771,False,False,False,False,False,False,True,False,pass,fails_odd_even,True,raw_failed_event_penalty_rank,True
11245408,5,long_memory,8,3292505045,24,True,,384.0475603514502,11.075363030773588,444.716337539041,9.808439584448934,297.4851139400757,330.0723103377195,9.13410936301807,447.2502243360286,9.808439584448934,330.0723103377195,0.9012725533859486,10,1.0,0.9,0.2263434439188982,0.8528573023186926,True,True,True,2.651503317816225e-23,14.255570352454932,True,0.36967331864367003,0.8970854564079267,0.2093379884089602,12.010127729239462,False,False,False,False,False,False,False,False,pass,pass,True,raw_failed_event_penalty_rank,True
11245408,5,long_memory,9,544877148,24,True,,775.7748759346226,12.424023473635316,450.92834927585864,9.808439584448934,727.3802747490388,768.635656110058,12.832708456320688,450.51970421613805,9.808439584448934,768.635656110058,0.9463264798697915,7,1.0,1.0,0.23239959442621355,0.895533806502751,True,True,True,0.0004835827257645551,4.030258321041452,True,0.10246314718297683,1.6330278132436105,0.37415975999568585,9.805872007341037,False,False,False,False,False,False,False,False,pass,pass,True,raw_failed_event_penalty_rank,True
11245408,5,long_memory,10,206689308,24,True,,975.161868977275,11.851864497875795,451.4596397533496,9.808439584448934,833.824993242204,961.1986504468592,6.048537743743509,445.16593091245886,9.808439584448934,961.1986504468592,0.8674845650839819,15,0.9375,0.8666666666666667,0.20120280841534435,0.8143740054163316,True,True,True,1.5900644749008123e-30,12.71968722730985,True,0.008266706778456218,-2.640978079564036,0.3103691546579443,13.595813859114124,False,False,False,False,False,False,False,False,pass,pass,True,raw_failed_event_penalty_rank,True
11245408,5,long_memory,11,38387204,24,True,,414.54990865213006,5.231167778372765,447.65886941437566,9.808439584448934,301.8195480984049,389.8361915658727,13.09835369506618,450.25405897587916,9.808439584448934,389.8361915658727,0.774221466934798,7,1.0,0.8571428571428571,0.44209473278190226,0.6440215116222574,True,True,False,1.6363835125199566e-53,43.53704503458988,True,4.018829600491109e-15,7.854339930032034,0.857883481063476,10.46810667086832,False,False,False,False,False,True,True,False,pass,fails_depth_chi2;fails_odd_even,True,raw_failed_event_penalty_rank,True
11245408,5,long_memory,12,474647136,24,True,,211.21129751426733,6.947644705651328,449.10970110290873,7.846751667559147,155.029934670562,211.21129751426733,6.947644705651328,449.10974101784086,7.846751667559147,211.21129751426733,0.7340039879263074,13,1.0,0.6923076923076923,0.34473578615911704,0.590630628091119,True,True,False,2.74056988239346e-141,58.024396546982395,True,0.007353451600634739,2.680398706549566,0.31169520633576636,6.382786181002429,False,False,False,False,False,True,False,False,pass,fails_depth_chi2,True,raw_top1_mes_preserved,False
11245408,5,long_memory,13,2162870738,24,True,,547.4555673050985,1.4917001868016087,443.93983607193877,9.808439584448934,462.9366545225611,530.1667712045553,11.954035743547138,451.3779426846668,9.808439584448934,530.1667712045553,0.8731906254153853,7,0.875,1.0,0.30133769427560086,0.8151060233451324,True,True,True,0.5900792921827056,0.7741689552194487,True,0.7392046879315511,0.3329067315928825,0.22386002245999756,2.8208781832554086,False,False,False,False,False,False,False,False,pass,pass,True,raw_failed_event_penalty_rank,True
11245408,5,long_memory,14,2376151129,24,True,,866.4566404398464,11.954035743547138,451.3983370059468,9.808439584448934,727.9830727752403,859.9722618810903,9.583662843971979,444.18508694842603,9.808439584448934,859.9722618810903,0.8465192484032696,10,1.0,0.9,0.3197171546979359,0.7548450843290321,True,True,False,3.95890996024705e-34,20.057018174434173,True,0.00032310534772526456,3.596034193535442,0.4363945542720356,9.272847090271478,False,False,False,False,False,True,False,False,pass,fails_depth_chi2,True,raw_failed_event_penalty_rank,True
11245408,5,long_memory,15,3275832226,24,True,,781.4893237069266,5.169865030969959,447.8223434074498,9.808439584448934,598.7835334255863,781.4893237069266,5.169865030969959,447.8223833150478,9.808439584448934,781.4893237069266,0.76620820689566,18,1.0,0.6666666666666666,0.26979550211000025,0.6686677371655622,True,True,False,1.0616997596391229e-91,28.36430022564323,True,5.754106743458709e-08,-5.4262787668216,0.9340768150636772,7.9402004562420405,False,False,False,False,False,True,True,False,pass,fails_depth_chi2;fails_odd_even,True,raw_top1_mes_preserved,False
11245408,5,long_memory,16,3197868714,24,True,,883.6185617593349,12.791839958052151,450.7035725353817,3.9233758337795734,622.1253430230056,767.7028127879231,12.894011203723494,450.5810069638901,1.47126593766734,767.7028127879231,0.810372624223883,7,1.0,0.7142857142857143,0.3179887856044006,0.7588025395788749,True,True,True,0.86100519900772,0.42767268964337596,True,0.9173777807276506,-0.10373735605181521,0.3243113040348478,1.2295708610720633,False,False,False,False,False,False,False,False,pass,pass,True,raw_failed_event_penalty_rank,True
11245408,5,long_memory,17,756609050,24,True,,171.7983588049246,12.853142705454957,451.3983370059468,9.808439584448934,132.5827199515542,143.08789842058638,5.925932248937897,447.2706585852793,9.808439584448934,143.08789842058638,0.9265823414489343,16,1.0,0.9375,0.1682008632402897,0.8861711595495378,True,True,True,5.924712715379711e-09,4.620718299191673,True,0.003495592181958279,2.920420636542602,0.4001651005605364,12.976993232054959,False,False,False,False,False,False,False,False,pass,pass,True,raw_failed_event_penalty_rank,True
11245408,5,long_memory,18,829591926,24,True,,517.6650458911246,5.169865030969959,447.80190915831554,9.808439584448934,414.4841219674114,506.47593939218325,6.845473459979985,449.62059724910796,9.808439584448934,506.47593939218325,0.8183688300471483,12,0.9230769230769231,0.6666666666666666,0.18671704284537935,0.8215224793505441,True,True,False,2.7158366009220067e-48,23.166619244981856,True,4.767545931364572e-14,7.538131060738866,0.8689195950797565,14.736142447928788,False,False,False,False,False,True,True,False,pass,fails_depth_chi2;fails_odd_even,True,raw_failed_event_penalty_rank,True
11245408,5,long_memory,19,3149625363,24,True,,342.904015604465,11.463613764324691,453.8300126529248,9.808439584448934,250.03316525692318,299.1032243929024,12.403589224501047,449.1914780148436,9.808439584448934,299.1032243929024,0.8359427276801245,8,1.0,0.75,0.2715266992103009,0.7820585103615401,True,True,False,2.4933194030564316e-43,31.039921816406412,True,1.2975025288425094e-22,9.785656684256997,1.706345510222337,10.965005723605255,False,False,False,False,False,False,True,False,pass,fails_odd_even,True,raw_failed_event_penalty_rank,True
11245408,5,long_memory,20,3181775338,24,True,,344.43211711088077,6.845473459979985,449.6001230821312,9.808439584448934,236.19744079586613,298.28953451785804,4.168586823390797,446.6167626092574,9.808439584448934,298.28953451785804,0.7918395165209037,21,0.9545454545454546,0.7142857142857143,0.19791084543148124,0.6846492926646153,True,True,False,3.0134830240494592e-204,51.19847887219784,True,7.201136599885085e-12,6.853605763625652,1.4380483872105374,10.275215448599893,False,False,False,False,False,True,True,False,pass,fails_depth_chi2;fails_odd_even,True,raw_failed_event_penalty_rank,True
11245408,5,long_memory,21,4037251837,24,True,,560.4694338468393,4.3933635638677515,445.77891849402295,9.808439584448934,445.84328695866924,532.4841284065546,3.6577305950340815,445.06375966620544,9.808439584448934,532.4841284065546,0.8372893447413053,26,1.0,0.6923076923076923,0.12131687846556101,0.77685054937064,True,True,False,1.0287305666370704e-213,43.53202930528457,True,3.7091158742532324e-05,-4.1248902473976505,1.992813987779414,12.061128649142994,False,False,False,False,False,True,True,False,pass,fails_depth_chi2;fails_odd_even,True,raw_failed_event_penalty_rank,True
11245408,5,long_memory,22,232992403,24,True,,791.667966005404,9.56322859483771,444.18504706155,9.808439584448934,702.4766863627283,785.6837902562813,12.81227420718642,450.49926996688737,9.808439584448934,785.6837902562813,0.8940959391991379,7,1.0,1.0,0.31479352986366727,0.7994075484923886,True,True,False,8.299093844237515e-10,8.957724370123323,True,4.7315877621900934e-11,-6.579145753441018,1.53940805823016,8.143752906799348,False,False,False,False,False,True,True,False,pass,fails_depth_chi2;fails_odd_even,True,raw_failed_event_penalty_rank,True
11245408,5,long_memory,23,52395202,24,True,,538.4322448897666,12.81227420718642,450.6831382862474,3.9233758337795734,335.7439142219255,452.483270762877,9.86974233185174,443.75596771416167,3.9233758337795734,452.483270762877,0.7420029334031919,10,1.0,0.8,0.4415950189694016,0.6106969171962972,True,True,False,4.047840256568875e-52,29.561303324388078,True,1.411498014317688e-27,-10.881545136035685,1.4691831209804072,5.0073882516926345,False,False,False,False,False,True,True,False,pass,fails_depth_chi2;fails_odd_even,True,raw_failed_event_penalty_rank,True
11245408,5,long_memory,24,80888454,24,True,,958.1756931387706,3.0651373701402918,444.9615485286522,9.808439584448934,802.5114034436165,933.7155746933818,14.42657988879364,448.9258327745847,9.808439584448934,933.7155746933818,0.8594816507234007,7,1.0,0.8571428571428571,0.315262434564075,0.7969338659323212,True,True,False,1.5481958951016497e-16,14.43110014737151,True,2.562215621242525e-09,-5.95743883339528,0.5401825908453873,19.820180062920702,False,False,False,False,False,False,True,False,pass,fails_odd_even,True,raw_failed_event_penalty_rank,True
11245408,5,long_memory,25,279597133,24,True,,513.0173132153324,1.9616879168897867,443.7354935805961,9.808439584448934,421.33375410627986,499.8531293258542,5.803326754132286,445.94243238398485,9.808439584448934,499.8531293258542,0.8429151072326536,16,1.0,0.75,0.1890283988417832,0.778107707398522,True,True,False,1.4921634179193024e-34,13.383684572721041,True,0.26223391686548636,-1.1211267425697826,0.2331242655765194,8.933857693233094,False,False,False,False,False,True,False,False,pass,fails_depth_chi2,True,raw_failed_event_penalty_rank,True
11245408,5,long_memory,26,807633365,24,True,,334.5317528986009,5.190299280104227,447.78147490918127,9.808439584448934,277.95467530903244,321.52152643574175,3.6985990933026187,444.961588419952,9.808439584448934,321.52152643574175,0.8644978716987509,25,0.9615384615384616,0.76,0.1492674294984093,0.8624891364002345,True,True,False,1.1192091578636466e-102,23.270136615181517,True,8.416482877817284e-53,15.293747211577,1.8539547854690883,9.717216448377785,False,False,False,False,False,True,True,False,pass,fails_depth_chi2;fails_odd_even,True,raw_failed_event_penalty_rank,True
11245408,5,long_memory,27,2391118358,24,True,,956.2669185270646,5.374207522312645,447.20931593342175,9.808439584448934,849.6145693562434,945.331164090668,14.222237397450954,449.10974101784086,9.808439584448934,945.331164090668,0.8987480807040819,7,1.0,1.0,0.30764447494062513,0.8077481125692709,True,True,True,0.01126415919040349,2.751631558206468,True,0.8621693970314772,-0.1736132768972637,0.042534742493956335,7.234811560716291,False,False,False,False,False,False,False,False,pass,pass,True,raw_failed_event_penalty_rank,True
11245408,5,long_memory,28,3740408631,24,True,,356.21215634779696,13.813552414765581,444.34852105462414,9.808439584448934,258.2389072677886,290.49819589764707,14.937436117150355,448.5784505373231,3.9233758337795734,290.49819589764707,0.88895184519072,6,1.0,1.0,0.34147051411001167,0.7902353830679858,True,True,True,0.010874206030192611,2.9765968563385123,True,0.0010285629500714497,-3.2825950735164366,1.4171651958928622,4.241076727255386,False,False,False,False,False,False,False,False,pass,pass,True,raw_failed_event_penalty_rank,True
11245408,5,long_memory,29,494885308,24,True,,280.4330528844208,10.44190130761126,445.4724047570089,9.808439584448934,215.30246711899522,256.1896920059178,13.077919445931911,450.41753296988463,3.9233758337795734,256.1896920059178,0.8404025370155093,7,1.0,1.0,0.394620207809625,0.7062764242221046,True,True,True,0.013164939937297044,2.685344263169673,True,0.6598823279261887,-0.4400756352249283,0.17991262830745033,4.834090307486953,False,False,False,False,False,False,False,False,pass,pass,True,raw_failed_event_penalty_rank,True
11245408,5,long_memory,30,2494240994,24,True,,423.87461395341353,6.089406242012046,445.1454567708606,9.808439584448934,314.04905572250465,366.85055267606265,12.05620698921848,451.8479304174325,9.808439584448934,366.85055267606265,0.8560681002975538,7,0.875,1.0,0.32846939210486065,0.7834523758776627,True,True,False,5.001510821964669e-33,27.511016285167376,True,8.825901400302124e-37,12.668614928874483,1.5144098325602358,9.518820019262247,False,False,False,False,False,False,True,False,pass,fails_odd_even,True,raw_failed_event_penalty_rank,True
11245408,5,long_memory,31,3421753195,24,True,,474.5319385791269,12.64880021411227,450.84661227932156,3.9233758337795734,367.0258667958193,462.8603536482371,12.36272072623251,451.13273169365857,3.9233758337795734,462.8603536482371,0.792951618999,7,0.875,0.7142857142857143,0.2823680135355412,0.7555412246051069,True,True,False,1.4475854556908248e-44,36.55459156459856,True,2.5314658293762617e-11,-6.671532092050991,2.0,11.530648547417481,False,False,False,False,False,True,True,False,pass,fails_depth_chi2;fails_odd_even,True,raw_failed_event_penalty_rank,True
11245408,5,long_memory,32,2483702620,24,True,,548.7531189678652,5.312904774909839,447.41365842476444,9.808439584448934,454.8678276370754,519.3583720367865,10.29886156367138,453.05355112322286,9.808439584448934,519.3583720367865,0.875826504641109,9,1.0,0.8888888888888888,0.27592130717840974,0.8126182425011614,True,True,True,0.006044654707906656,2.6811805838426497,True,0.010543745531840044,-2.557467350392168,0.768330867383343,10.190369792980217,False,False,False,False,False,False,False,False,pass,pass,True,raw_failed_event_penalty_rank,True
11245408,5,long_memory,33,4160308457,24,True,,601.1791058327279,6.1302747402805835,444.9615485286522,9.808439584448934,455.8447245871248,601.1791058327279,6.1302747402805835,444.961588419952,9.808439584448934,601.1791058327279,0.7582511104668349,15,0.9375,0.6666666666666666,0.24471474211767394,0.6535788221799443,True,True,False,5.137260939992977e-142,50.56912370272987,True,0.001964488999170749,3.0955490169482416,0.7040628234544418,11.999334601770173,False,False,False,False,False,True,False,False,pass,fails_depth_chi2,True,raw_top1_mes_preserved,False
11245408,5,long_memory,34,3188345805,24,True,,261.92334411326664,9.992347826657351,443.57201958752194,3.9233758337795734,195.09775426091025,235.88443891553496,10.094519072328694,453.44180185898585,2.94253187533468,235.88443891553496,0.8270903971362455,9,1.0,0.8888888888888888,0.325866159968707,0.694169912004904,True,True,False,6.843481729817842e-13,9.286203826133184,True,0.022219909207866016,2.2865875398227717,0.8702778076376898,6.053980069609411,False,False,False,False,False,True,False,False,pass,fails_depth_chi2,True,raw_failed_event_penalty_rank,True
11245408,5,long_memory,35,609426542,24,True,,226.33186179010193,9.27714910695795,444.8798115321151,9.808439584448934,173.07965804023988,224.35864432175242,2.7994921313948,443.79683621266304,9.808439584448934,224.35864432175242,0.7714418963595919,34,1.0,0.7352941176470589,0.17661806076382683,0.5677870460750366,True,True,False,0.0,63.34264058105508,True,4.6601907552304403e-07,-5.039799801100441,1.0335010351769487,11.425413765616776,False,False,False,False,False,True,True,False,pass,fails_depth_chi2;fails_odd_even,True,raw_failed_event_penalty_rank,True
11245408,5,long_memory,36,2556075297,24,True,,1014.528168976933,4.597706055210438,444.9615485286522,9.808439584448934,821.3909857096586,984.3341533912427,3.3512168580200523,446.57589411075605,9.808439584448934,984.3341533912427,0.8344635639023498,28,1.0,0.75,0.20485272417822953,0.7840186748650615,True,True,False,3.9384537467871286e-257,48.15683692746053,True,1.0222691162854497e-23,10.039465170984183,0.5845460874831219,10.897905576004627,False,False,False,False,False,True,True,False,pass,fails_depth_chi2;fails_odd_even,True,raw_failed_event_penalty_rank,True
11245408,5,long_memory,37,1044163375,24,True,,686.7247429774656,5.272036276641302,447.4953954213015,9.808439584448934,582.0357358920778,655.1369494410243,10.523638304148335,452.78790588296397,9.808439584448934,655.1369494410243,0.888418423642083,9,1.0,0.7777777777777778,0.1947420439345101,0.8841524349417961,True,True,False,1.2223120028289965e-22,15.262231317271526,True,4.046349381513978e-13,-7.2540017328809485,1.9120371038546737,11.741636652709296,False,False,False,False,False,True,True,False,pass,fails_depth_chi2;fails_odd_even,True,raw_failed_event_penalty_rank,True
11245408,5,long_memory,38,1234033992,24,True,,266.9812361752388,14.467448387062177,449.10970110290873,9.808439584448934,202.0945923669869,266.9812361752388,14.467448387062177,449.10974101784086,9.808439584448934,266.9812361752388,0.7569617822667426,7,1.0,0.8571428571428571,0.4407273073720545,0.5870460879483281,True,True,False,3.903598977601017e-26,22.07619485678278,True,4.982496360472758e-12,6.906074145476653,0.9482579307660578,10.601317463611887,False,False,False,False,False,False,True,False,pass,fails_odd_even,True,raw_top1_mes_preserved,False
11245408,5,long_memory,39,2781947259,24,True,,964.0080254366985,2.901663377066143,445.9219582379628,9.808439584448934,810.9325961139166,904.2988321109482,12.280983729695436,451.05099469665583,9.808439584448934,904.2988321109482,0.8967528955233943,7,0.875,1.0,0.2631234106754016,0.8596893542120316,True,True,True,1.119397379247752e-09,8.850233564083707,True,6.733731446597626e-05,3.985503042282604,0.9421536852310901,9.342435665201634,False,False,False,False,False,False,False,False,pass,pass,True,raw_failed_event_penalty_rank,True
11245408,5,long_memory,40,521634979,24,True,,848.5382065369054,11.974469992681406,451.31660000940974,9.808439584448934,670.3702359095286,824.7669569450238,6.825039210845716,449.6614657476093,9.808439584448934,824.7669569450238,0.812799579644427,12,0.9230769230769231,0.8333333333333334,0.2624933589977487,0.7052169424113496,True,True,False,9.837953981624407e-24,12.37786360357493,True,0.0353248923501519,-2.1046143399493427,0.6551974997077321,6.940866386276251,False,False,False,False,False,True,False,False,pass,fails_depth_chi2,True,raw_failed_event_penalty_rank,True
11245408,5,long_memory,41,1757867519,24,True,,259.8893437614981,11.9131672452786,451.11225751806705,9.808439584448934,183.33070740764748,236.33727619369284,12.383154975366779,449.76363699386275,9.808439584448934,236.33727619369284,0.7757164267959015,8,1.0,0.75,0.3653402947872197,0.6656069026099087,True,True,False,8.772834589368924e-11,8.739938131336439,True,0.00016802965907180723,3.7627879623320735,1.4304817981921754,5.811527074317828,False,False,False,False,False,True,False,False,pass,fails_depth_chi2,True,raw_failed_event_penalty_rank,True
11245408,5,long_memory,42,4216360462,24,True,,1273.9682696489174,11.831430248741526,451.50050825161816,9.808439584448934,1093.437687567498,1240.9073777056453,8.25543665024452,446.82110510176426,9.808439584448934,1240.9073777056453,0.8811597925940219,12,1.0,0.8333333333333334,0.20477218275000492,0.8339112060718508,True,True,True,3.410013724787596e-44,21.38572749286354,True,0.037120102752308266,-2.0844406581820003,0.3138666577962235,14.924491067599556,False,False,False,False,False,False,False,False,pass,pass,True,raw_failed_event_penalty_rank,True
11245408,5,long_memory,43,2777039429,24,True,,435.3435929199313,12.36272072623251,451.1326917672013,3.9233758337795734,334.09469787402895,394.797586799647,5.844195252400823,445.96286663323554,3.9233758337795734,394.797586799647,0.8462430091893552,14,0.875,0.7857142857142857,0.1864896259670455,0.851451460224014,True,True,True,0.03879597861245878,1.7882987438911608,True,0.09305322253239616,1.6795072734215986,0.7038972828496058,4.326280443879075,False,False,False,False,False,False,False,False,pass,pass,True,raw_failed_event_penalty_rank,True
11245408,5,long_memory,44,434918411,24,True,,1098.3808321800134,12.832708456320688,450.6831382862474,3.9233758337795734,847.6386635639112,1064.6459547739366,10.687112297222484,452.82877438146534,3.9233758337795734,1064.6459547739366,0.7961695244912624,8,1.0,0.875,0.33905925910434453,0.6079385400626831,True,True,False,6.476286705735515e-14,10.956999656986088,True,3.02642982022452e-11,6.645279128470193,2.0,4.9100280276782,False,False,False,False,False,True,True,False,pass,fails_depth_chi2;fails_odd_even,True,raw_failed_event_penalty_rank,True
11245408,5,long_memory,45,4191931999,24,True,,1113.930775029795,9.665399840509053,444.02157306847585,9.808439584448934,889.7261384981255,1113.930775029795,9.665399840509053,444.02161295442056,9.808439584448934,1113.930775029795,0.7987265981356223,10,1.0,0.7,0.22341867166433302,0.6738296436637594,True,True,False,8.012450716097745e-21,12.91067062165996,True,6.229865370770582e-15,7.799204467997886,2.0,6.286738097265364,False,False,False,False,False,False,True,False,pass,fails_odd_even,True,raw_top1_mes_preserved,False
11245408,5,long_memory,46,203019845,24,True,,264.33026869575787,8.97063536994392,448.292331137538,9.808439584448934,210.9168984416555,257.3740926123773,7.826317418424878,450.7444809578956,9.808439584448934,257.3740926123773,0.8194954523232085,12,1.0,0.75,0.18781592143364517,0.6787063234274642,True,True,False,1.2785955711446678e-41,20.26445712187394,True,5.3014463119408186e-18,-8.646690585978277,2.0,5.519083671864503,False,False,False,False,False,True,True,False,pass,fails_depth_chi2;fails_odd_even,True,raw_failed_event_penalty_rank,True
11245408,5,long_memory,47,3719605079,24,True,,305.50657642192124,8.09196265717037,447.39322417563017,9.808439584448934,198.1422273376512,270.95326119341195,9.522360096569173,444.53246918568766,9.808439584448934,270.95326119341195,0.7312782524370993,10,1.0,0.8,0.3820439252419103,0.5206256355414572,True,True,False,4.862554155444778e-54,30.56982045309143,True,1.210363280910409e-31,11.704383074327891,2.0,8.745133247998021,False,False,False,False,False,False,True,False,pass,fails_odd_even,True,raw_failed_event_penalty_rank,True
11245408,5,long_memory,48,109359046,24,True,,492.6628093208188,12.81227420718642,450.6831382862474,3.9233758337795734,419.9436555554005,488.0695528695668,10.789283542893827,452.70616888596123,3.9233758337795734,488.0695528695668,0.8604176455719775,8,1.0,0.875,0.2978216556633735,0.7805303632612651,True,True,False,1.585824952521917e-05,4.8845335721700165,True,0.6839770057013639,-0.4070421842423846,0.15963340270812132,5.65332873943573,False,False,False,False,False,True,False,False,pass,fails_depth_chi2,True,raw_failed_event_penalty_rank,True
11245408,5,long_memory,49,1003754950,24,True,,1168.7124911342626,9.86974233185174,443.6128880857905,9.808439584448934,986.4756753047803,1134.116880511445,5.476378767983988,446.9232763480177,9.808439584448934,1134.116880511445,0.8698183514030018,17,1.0,0.7647058823529411,0.11071234423390455,0.7922251603479635,True,True,False,1.7400952669152827e-107,34.58539302743434,True,5.047416225774711e-28,-10.974877610425404,2.0,10.956944323701462,False,False,False,False,False,False,True,False,pass,fails_odd_even,True,raw_failed_event_penalty_rank,True
11245408,5,long_memory,50,654380860,24,True,,1324.993445080567,12.832708456320688,450.6831382862474,3.9233758337795734,1098.4134340818355,1299.3104276058086,10.094519072328694,453.42136760973517,3.9233758337795734,1299.3104276058086,0.8453818354293064,9,1.0,0.8888888888888888,0.2618189060022587,0.691908602010153,True,True,False,7.901182239728073e-54,33.805971207161605,True,1.0643171972411466e-24,10.260249200038748,2.0,10.015607798679689,False,False,False,False,False,True,True,False,pass,fails_depth_chi2;fails_odd_even,True,raw_failed_event_penalty_rank,True
11245408,5,long_memory,51,3439211911,24,True,,993.7699998954686,12.260549480561167,451.05095477066425,9.808439584448934,769.9603169140312,944.3765279662555,11.872298747010063,451.43924543241883,9.808439584448934,944.3765279662555,0.8153107305326245,8,1.0,0.75,0.28777218669752735,0.7238031906158425,True,True,True,9.94495765119773e-07,5.790619318927324,True,0.0023623586283140125,3.0404360382344087,1.4425175755958173,4.05679474283894,False,False,False,False,False,False,False,False,pass,pass,True,raw_failed_event_penalty_rank,True
11245408,5,long_memory,52,2207775187,24,True,,346.8086823257763,2.738189383991994,444.28721830722134,9.808439584448934,265.66477147556503,301.894422874973,13.302696186408866,450.15188772962574,9.808439584448934,301.894422874973,0.8799923130265571,7,1.0,1.0,0.3362401677264314,0.7743864709858301,True,True,False,4.921259645319022e-13,11.601260436165132,True,1.9861611627238335e-10,6.3624071419601105,1.2229590948235387,9.472750048523084,False,False,False,False,False,False,True,False,pass,fails_odd_even,True,raw_failed_event_penalty_rank,True
11245408,5,long_memory,53,1355789044,24,True,,452.699238664313,12.07664123835275,451.2757315111412,9.808439584448934,401.03970963704325,426.92924327932843,13.466170179483015,449.88624248936685,9.808439584448934,426.92924327932843,0.9393587250116143,7,1.0,1.0,0.2436615877810466,0.8823948142554456,True,True,True,5.874766394761723e-08,7.417150088846157,True,0.0005850705517061904,3.438442604084019,0.6002409540224344,11.928619069037769,False,False,False,False,False,False,False,False,pass,pass,True,raw_failed_event_penalty_rank,True
11245408,5,long_memory,54,380556711,24,True,,292.82053654780475,11.014060283370782,445.5337075044117,9.808439584448934,245.08690139246735,292.82053654780475,11.014060283370782,445.5337473989712,9.808439584448934,292.82053654780475,0.8369867232739512,9,1.0,0.7777777777777778,0.276423974919396,0.7751434018399282,True,True,True,1.84371991229672e-21,14.548517977396038,True,0.953537958311573,0.05826448247480703,0.012162882946320366,11.234780864284104,False,False,False,False,False,False,False,False,pass,pass,True,raw_top1_mes_preserved,False
11245408,5,long_memory,55,1895389335,24,True,,859.3950764595256,6.825039210845716,449.7022943278025,9.808439584448934,711.9131882645044,833.7161677365192,10.29886156367138,453.05355112322286,9.808439584448934,833.7161677365192,0.8539035415341634,9,1.0,0.8888888888888888,0.29723195876586933,0.7565249502040722,True,True,False,1.4446300791597803e-44,28.343187637700396,True,1.719649864976372e-05,-4.298490865988348,0.5723036905718154,15.008958874477761,False,False,False,False,False,False,True,False,pass,fails_odd_even,True,raw_failed_event_penalty_rank,True
11245408,5,long_memory,56,3554280274,24,True,,679.2633334465172,10.094519072328694,453.4213276702394,3.9233758337795734,493.8887322387932,679.2633334465172,10.094519072328694,453.42136760973517,3.9233758337795734,679.2633334465172,0.7270946449190021,9,1.0,0.6666666666666666,0.3380540728655412,0.5629631997990799,True,True,False,2.166867346118303e-05,4.43757808802115,True,0.0007081391819605973,-3.3864083782351417,2.0,2.809169462779343,False,False,False,False,False,True,False,False,pass,fails_depth_chi2,True,raw_top1_mes_preserved,False
11245408,5,long_memory,57,3262602336,24,True,,266.5593887555041,7.785448920156341,445.63587875008307,9.808439584448934,196.8718199589316,266.5593887555041,7.785448920156341,445.6359186452246,9.808439584448934,266.5593887555041,0.7385664443412575,12,1.0,0.6666666666666666,0.26636385665082835,0.5576738340893183,True,True,False,2.050195361646424e-09,5.77384077008955,True,0.6712165220247096,0.42447899352449014,0.677815174888047,2.741913644401276,False,False,False,False,False,True,False,False,pass,fails_depth_chi2,True,raw_top1_mes_preserved,False
11245408,5,long_memory,58,1534597350,24,True,,489.60037108626193,4.740745799150318,444.34852105462414,9.808439584448934,383.39327826066926,489.60037108626193,4.740745799150318,444.3485609424315,9.808439584448934,489.60037108626193,0.7830739127301842,20,1.0,0.8,0.24485781278754734,0.5913109336578253,True,True,False,3.982272831532416e-194,51.18261048128701,True,1.0809192369661874e-07,-5.312566563897749,1.9742414470265608,9.194908040304,False,False,False,False,False,True,True,False,pass,fails_depth_chi2;fails_odd_even,True,raw_top1_mes_preserved,False
11245408,5,long_memory,59,89261692,24,True,,1125.245804582572,13.139222193334717,450.21315055615923,9.808439584448934,1005.1781833314988,1113.6632831578486,6.722867965174373,449.90667673861753,9.808439584448934,1113.6632831578486,0.9025871630438108,14,1.0,0.9285714285714286,0.21376832262758663,0.8441236583406196,True,True,True,6.120757190725911e-24,10.975020026613162,True,0.14136503657502236,-1.4707267218155047,0.2161098413051099,11.316640808883358,False,False,False,False,False,False,False,False,pass,pass,True,raw_failed_event_penalty_rank,True
11245408,5,long_memory,60,744274251,24,True,,768.4571093972371,11.831430248741526,451.5209425007524,9.808439584448934,671.2335934780987,745.1650042853789,9.379320352629293,444.5937719334397,9.808439584448934,745.1650042853789,0.90078518129259,10,1.0,0.9,0.21413338776667754,0.8377917783758879,True,True,False,1.4380839479261454e-14,9.474927583135985,True,4.272034185724629e-11,6.594322067825966,1.2435865238155916,11.019573188206625,False,False,False,False,False,False,True,False,pass,fails_odd_even,True,raw_failed_event_penalty_rank,True
11245408,5,long_memory,61,1942311533,24,True,,882.7490658814872,9.992347826657351,443.51071684011913,3.9233758337795734,685.8287512820538,841.9091282032816,12.178812484024093,451.3370741861654,3.9233758337795734,841.9091282032816,0.8146113734931001,7,0.875,0.8571428571428571,0.3322956664435324,0.7537192884818754,True,True,True,1.1436349478851635e-05,5.467345972862225,True,0.0010236269896009395,-3.283951052384705,0.7225653705415951,8.630829834681803,False,False,False,False,False,False,False,False,pass,pass,True,raw_failed_event_penalty_rank,True
11245408,5,long_memory,62,3709914864,24,True,,917.1625135605519,13.486604428617284,449.86576832087667,9.808439584448934,777.7355122300313,886.3265991310263,8.704990131198429,445.94243238398485,9.808439584448934,886.3265991310263,0.8774818593874312,11,1.0,0.9090909090909091,0.2595863391721232,0.8007153688452598,True,True,False,1.560561080948413e-06,4.579755606158878,True,0.42878168593397337,-0.7912781672556409,0.26955273188727047,6.219191834434484,False,False,False,False,False,True,False,False,pass,fails_depth_chi2,True,raw_failed_event_penalty_rank,True
11245408,5,long_memory,63,276329405,24,True,,642.1229584301773,4.597706055210438,444.9615485286522,9.808439584448934,531.167630139705,614.5559996604376,8.214568151975982,446.9232763480177,9.808439584448934,614.5559996604376,0.8643111944773016,12,1.0,0.8333333333333334,0.23084329371285112,0.7981020127303002,True,True,False,1.0760532121035978e-29,15.030133414740114,True,7.692743209863275e-07,4.94300519765875,1.0959799778654322,9.82485828380076,False,False,False,False,False,True,True,False,pass,fails_depth_chi2;fails_odd_even,True,raw_failed_event_penalty_rank,True
11245408,5,long_memory,64,3863876105,24,True,,245.26570788809244,11.892732996144332,451.6844164938266,9.808439584448934,183.19976336341992,210.0862339005473,8.643687383795623,446.2693803719958,9.808439584448934,210.0862339005473,0.8720217406065017,11,1.0,0.9090909090909091,0.26878804868206957,0.7907987409510565,True,True,False,0.00011077478225364986,3.5304393032544565,True,0.28803915594146245,-1.0624330073005714,0.4918609564007499,6.339402211796246,False,False,False,False,False,True,False,False,pass,fails_depth_chi2,True,raw_failed_event_penalty_rank,True
11245408,5,long_memory,65,2411140394,24,True,,351.4006510683899,12.771405708917882,450.72400678451595,3.9233758337795734,281.9872342636448,337.8483849744469,9.624531342240516,444.2463896961781,3.9233758337795734,337.8483849744469,0.8346561558521963,10,1.0,0.8,0.24815562183875156,0.7261978669267212,True,True,False,9.18386580339537e-12,7.902108297187908,True,0.6244298488164721,-0.48958181271457746,0.2008160852599848,5.461941707953866,False,False,False,False,False,True,False,False,pass,fails_depth_chi2,True,raw_failed_event_penalty_rank,True
11245408,5,long_memory,66,1703398415,24,True,,535.4733836007191,12.66923446324654,450.84661227932156,3.9233758337795734,392.8074857276663,535.4733836007191,12.66923446324654,450.846652204149,3.9233758337795734,535.4733836007191,0.7335705149082946,6,0.8571428571428571,0.6666666666666666,0.3633738657547699,0.6633455311482868,True,True,True,0.017443867212538138,2.745284265860046,True,0.5663657984063133,-0.5734119538467498,0.2852443124203956,3.733935033399682,False,False,False,False,False,False,False,False,pass,pass,True,raw_top1_mes_preserved,False
11245408,5,long_memory,67,3106068317,24,True,,1073.2382290914568,11.954035743547138,451.3983370059468,9.808439584448934,890.5457291595169,1057.1401250225663,14.181368899182416,449.1710437655929,9.808439584448934,1057.1401250225663,0.8424102993352057,7,1.0,1.0,0.3917241893491163,0.7096551124260311,True,True,True,0.011077477572806712,2.7587132050716945,True,0.0007845286836616927,-3.3581963338529275,0.9411825850699382,6.030221358058722,False,False,False,False,False,False,False,False,pass,pass,True,raw_failed_event_penalty_rank,True
11245408,5,long_memory,68,3901976165,24,True,,1097.7107324329445,12.403589224501047,450.9487835249929,9.808439584448934,898.7642282278435,1074.5714101098151,12.832708456320688,450.51970421613805,9.808439584448934,1074.5714101098151,0.8363932073495189,7,1.0,0.7142857142857143,0.2598421360051462,0.7934122045607624,True,True,True,0.022890547633516573,2.4467911180370288,True,0.00536981801785738,2.783968915398933,1.5892167477221344,3.5312230874216666,False,False,False,False,False,False,False,False,pass,pass,True,raw_failed_event_penalty_rank,True
11245408,5,long_memory,69,1186200841,24,True,,902.146346941291,12.791839958052151,450.72400678451595,3.9233758337795734,668.1525534816651,892.911993474327,12.628365964978002,450.88752070265036,3.9233758337795734,892.911993474327,0.7482848907448075,6,0.8571428571428571,0.8333333333333334,0.44237103347359746,0.6559479340418789,True,True,False,0.006023134105550252,3.2611594321281507,True,0.2084595157538862,1.2578126609133158,0.3208073533308317,5.575196157335686,False,False,False,False,False,True,False,False,pass,fails_depth_chi2,True,raw_failed_event_penalty_rank,True
11245408,5,long_memory,70,359322781,24,True,,781.6530000225574,12.832708456320688,450.7035725353817,3.9233758337795734,570.8164758889188,652.6460943652098,8.909332622541115,445.69722139297664,2.94253187533468,652.6460943652098,0.8746186958249067,11,1.0,0.9090909090909091,0.2515159245847843,0.7817942311908119,True,True,False,2.314210797028771e-14,8.678936103126087,True,7.780307355505397e-07,4.940799021439074,1.3734406518300515,7.015575750537444,False,False,False,False,False,True,True,False,pass,fails_depth_chi2;fails_odd_even,True,raw_failed_event_penalty_rank,True
11245408,5,long_memory,71,2768368361,24,True,,601.6338808881015,5.312904774909839,447.41365842476444,9.808439584448934,488.06192431507685,567.9012358599939,13.323130435543135,450.02928223412164,9.808439584448934,567.9012358599939,0.8594133865125096,7,1.0,0.8571428571428571,0.31269302943363153,0.7937024264267428,True,True,False,8.514789566040766e-09,8.118630126121872,True,0.11550464849347954,1.5739256097233651,0.7122818811080474,6.583647122965621,False,False,False,False,False,True,False,False,pass,fails_depth_chi2,True,raw_failed_event_penalty_rank,True
11245408,5,long_memory,72,129685302,24,True,,1171.3876089733146,13.670512670825701,449.661425829534,9.808439584448934,967.4426054948677,1140.5821796696953,10.932323286833707,452.399655147201,9.808439584448934,1140.5821796696953,0.8482007020090674,8,1.0,0.875,0.31153775474069234,0.7518208771808195,True,True,True,1.1343589844325476e-10,8.660181386729608,True,0.002414797806693428,-3.033818351606949,0.545031992097463,10.918108181400076,False,False,False,False,False,False,False,False,pass,pass,True,raw_failed_event_penalty_rank,True
11245408,5,long_memory,73,851425650,24,True,,152.7375953164011,6.416354228160344,448.2718968884037,9.808439584448934,118.23460515386795,137.8081022875235,11.606653508264571,445.3702734049657,5.88506375066936,137.8081022875235,0.8579655563878436,8,1.0,0.875,0.29422763857795897,0.7677410556949441,True,True,True,1.0127109585157965e-19,14.995616783903047,True,0.016193208993116645,-2.4045315359239487,0.3699041362836608,16.813709103585257,False,False,False,False,False,False,False,False,pass,pass,True,raw_failed_event_penalty_rank,True
11245408,5,long_memory,74,3294167307,24,True,,438.85704790239396,14.42657988879364,449.08926685377446,3.9233758337795734,323.8552544151632,383.67811784659983,12.07664123835275,451.43924543241883,3.9233758337795734,383.67811784659983,0.8440805960809193,7,0.875,0.8571428571428571,0.2591366987519673,0.7830500675868209,True,True,True,0.16885846280561423,1.5141527077579526,True,0.30121203952864806,-1.0338377092026463,0.7635474204948646,2.9263772071845753,False,False,False,False,False,False,False,False,pass,pass,True,raw_failed_event_penalty_rank,True
11245408,5,long_memory,75,373190985,24,True,,349.8112717118514,11.77012750133872,451.7252849920951,3.9233758337795734,280.69632526573156,320.5030469553543,14.692225127539132,448.8032272790806,3.9233758337795734,320.5030469553543,0.8757992410126204,7,1.0,0.8571428571428571,0.28039507016447557,0.8175684581842397,True,True,True,4.145044722149122e-11,10.029352289852556,True,0.0027365225847334417,2.9958820528325707,0.4774378734870564,10.627302956033711,False,False,False,False,False,False,False,False,pass,pass,True,raw_failed_event_penalty_rank,True
11245408,5,long_memory,76,4204537467,24,True,,1234.7495661126388,12.771405708917882,450.72400678451595,3.9233758337795734,943.9201370105419,1120.8670979719386,10.89145478856517,452.6244318889585,3.9233758337795734,1120.8670979719386,0.8421338611138118,8,1.0,0.875,0.3305213378091306,0.751255701280282,True,True,True,5.85737896718929e-38,27.418757073469,True,0.18584636321579484,1.3229669672428224,0.19106372997342166,15.428757588027844,False,False,False,False,False,False,False,False,pass,pass,True,raw_failed_event_penalty_rank,True
11245408,5,long_memory,77,3127108648,24,True,,607.0976884755638,14.814830622344743,448.5375421271492,9.808439584448934,447.83973437485395,607.0976884755638,14.814830622344743,448.5375820388217,9.808439584448934,607.0976884755638,0.7376732655652005,7,1.0,0.7142857142857143,0.41087498855316806,0.6031564296528025,True,True,False,1.9385406322461112e-18,15.956734474392839,True,5.359763487960171e-07,5.012965050647833,0.757106324708973,9.797535203524964,False,False,False,False,False,True,True,False,pass,fails_depth_chi2;fails_odd_even,True,raw_top1_mes_preserved,False
11245408,5,long_memory,78,1522373949,24,True,,305.56724668894833,12.199246733158361,451.29616576027547,3.9233758337795734,230.2059109321824,279.2793678634463,12.587497466709465,450.90795495190105,3.9233758337795734,279.2793678634463,0.8242854196259197,6,0.8571428571428571,1.0,0.3884282943893024,0.7338860467328372,True,True,True,0.0004992617299089627,4.421740098535017,True,0.052428571028883965,1.9395979432855188,0.5387854295519874,6.534656022031094,False,False,False,False,False,False,False,False,pass,pass,True,raw_failed_event_penalty_rank,True
11245408,5,long_memory,79,547584315,24,True,,1147.3858438614857,14.242671646585222,449.08926685377446,9.808439584448934,929.5379412307292,1147.3858438614857,14.242671646585222,449.0893067685902,9.808439584448934,1147.3858438614857,0.8101354450237966,7,1.0,0.8571428571428571,0.32352303234431656,0.636762560999989,True,True,False,4.3239532962185414e-16,14.072349883293903,True,0.6737447175401223,-0.4210141935004117,0.11983136441011928,7.080839847472902,False,False,False,False,False,True,False,False,pass,fails_depth_chi2,True,raw_top1_mes_preserved,False
11245408,5,long_memory,80,3852386117,24,True,,328.60392342839896,5.374207522312645,447.39322417563017,3.9233758337795734,246.09265188914299,328.60392342839896,5.374207522312645,447.3932640807834,3.9233758337795734,328.60392342839896,0.7489035715751741,17,1.0,0.7647058823529411,0.3343125716610156,0.5815805611569663,True,True,False,3.1753735761715406e-38,13.854848169866733,True,1.906836754994939e-12,-7.041132421409857,1.6847731168725868,6.703943225112995,False,False,False,False,False,True,True,False,pass,fails_depth_chi2;fails_odd_even,True,raw_top1_mes_preserved,False
11245408,5,long_memory,81,1446536421,24,True,,874.0251038327827,12.832708456320688,450.66270403711314,3.9233758337795734,639.4776633604081,852.7583402670366,11.524916511727497,451.9705359129366,3.9233758337795734,852.7583402670366,0.7498931797725474,8,1.0,0.75,0.4238047831550497,0.6402871055094111,True,True,False,1.4550074497805766e-119,81.881561242403,True,1.7156792438511266e-33,12.060103139285296,0.7052991802700853,21.593885636193832,False,False,False,False,False,True,True,False,pass,fails_depth_chi2;fails_odd_even,True,raw_failed_event_penalty_rank,True
11245408,5,long_memory,82,464410271,24,True,,212.29040480755936,9.501925847434904,444.55286354596683,2.94253187533468,176.32180729653842,207.21687742222645,7.478935183142312,443.77640196341235,9.808439584448934,207.21687742222645,0.8509046632203803,13,1.0,0.8461538461538461,0.21741302164833426,0.7307680622232152,True,True,False,1.3821763122255053e-66,28.774143583077105,True,3.9558200551944966e-10,6.2557610615389,1.5553421121893587,10.58638881093079,False,False,False,False,False,True,True,False,pass,fails_depth_chi2;fails_odd_even,True,raw_failed_event_penalty_rank,True
11245408,5,long_memory,83,1607486122,24,True,,287.9240908081419,2.901663377066143,445.8810897396943,7.846751667559147,204.94353590849843,246.489475179561,9.174977861286607,444.961588419952,9.808439584448934,246.489475179561,0.8314494392071002,11,1.0,0.7272727272727273,0.2537711968015923,0.8005369529460161,True,True,False,1.1555495820223227e-21,12.31578723015803,True,4.449972905604245e-06,-4.589176857726526,0.6581858690529051,12.358566725482799,False,False,False,False,False,True,True,False,pass,fails_depth_chi2;fails_odd_even,True,raw_failed_event_penalty_rank,True
11245408,5,long_memory,84,3868545151,24,True,,961.300502345483,9.86974233185174,443.6128880857905,9.808439584448934,833.4523890705965,934.2907918790453,9.42018885089783,444.512034936437,9.808439584448934,934.2907918790453,0.8920695743927406,10,1.0,0.9,0.23210239505416114,0.8246916472966215,True,True,False,6.050654129411433e-10,6.865542673138409,True,0.18455774748918316,-1.3268516907219414,0.7176028771219005,6.497551737887806,False,False,False,False,False,True,False,False,pass,fails_depth_chi2,True,raw_failed_event_penalty_rank,True
11245408,5,long_memory,85,2078242396,24,True,,1097.2470332420453,12.81227420718642,450.7035725353817,3.9233758337795734,713.067324692958,989.6046197294314,10.237558816268574,453.2783278649804,3.9233758337795734,989.6046197294314,0.7205577969996929,8,0.8888888888888888,0.75,0.43116710392579966,0.6219992998155339,True,True,False,1.2985345452002965e-14,11.446531969128559,True,5.142888323115356e-11,-6.566739551703265,1.781419935489379,5.957398190525974,False,False,False,False,False,True,True,False,pass,fails_depth_chi2;fails_odd_even,True,raw_failed_event_penalty_rank,True
11245408,5,long_memory,86,361841819,24,True,,714.3404184896318,14.324408643122297,449.02796410637166,9.808439584448934,595.8449702967366,701.6268964741699,6.02810349460924,445.2681021587123,9.808439584448934,701.6268964741699,0.8492333650420033,15,0.9375,0.8666666666666667,0.21483419505564816,0.7609571885641424,True,True,True,6.139218516325654e-17,7.842283554922756,True,0.2405475082792162,1.1736193970160747,0.2595422905560605,8.214439388226795,False,False,False,False,False,False,False,False,pass,pass,True,raw_failed_event_penalty_rank,True
11245408,5,long_memory,87,1208351701,24,True,,215.3235083522154,10.993626034236513,452.5835234557344,9.808439584448934,173.93569529857572,206.7198983042306,8.439344892452937,446.69849960626016,9.808439584448934,206.7198983042306,0.8414076086792273,11,1.0,0.9090909090909091,0.28742261720851203,0.7033859773725185,True,True,False,2.606501015270681e-113,55.717883748972056,True,4.0322899789216314e-17,-8.411956047398176,0.9395540836741783,12.317846723640056,False,False,False,False,False,False,True,False,pass,fails_odd_even,True,raw_failed_event_penalty_rank,True
11245408,5,long_memory,88,2978841982,24,True,,351.94077087395874,9.992347826657351,443.55158533838767,3.9233758337795734,254.01064307905983,315.2535028264498,11.157100027310662,452.3792208979503,3.9233758337795734,315.2535028264498,0.8057345621910353,8,1.0,0.75,0.301149734616131,0.7036077721248715,True,True,False,1.5280433950106764e-10,8.567645943014167,True,0.8623767865368794,0.17334941181047492,0.07169978445571264,5.472930447331219,False,False,False,False,False,True,False,False,pass,fails_depth_chi2,True,raw_failed_event_penalty_rank,True
11245408,5,long_memory,89,2974627109,24,True,,467.66297887952635,3.3512168580200523,446.5349857119909,9.808439584448934,356.5793494059008,449.43557110185026,2.5542811417835765,445.43157615271775,9.808439584448934,449.43557110185026,0.793393697191568,36,0.972972972972973,0.6944444444444444,0.15449529162190007,0.6743202670858341,True,True,False,0.0,86.50058721825079,True,0.1624272405805664,-1.3969545447502123,0.2808606076686377,13.554864156712526,False,False,False,False,False,True,False,False,pass,fails_depth_chi2,True,raw_failed_event_penalty_rank,True
11245408,5,long_memory,90,37149552,24,True,,783.9666089911052,12.832708456320688,450.66270403711314,3.9233758337795734,625.9189409036084,724.0914170886982,8.704990131198429,446.08547212873964,2.94253187533468,724.0914170886982,0.8644197764699313,11,1.0,0.7272727272727273,0.1628802482260802,0.8337218831744079,True,True,False,9.730637273007453e-12,7.340155234727305,True,0.8632229640437731,0.17227293109064143,0.08356022709706264,6.960295723363442,False,False,False,False,False,True,False,False,pass,fails_depth_chi2,True,raw_failed_event_penalty_rank,True
11245408,5,long_memory,91,2909053071,24,True,,361.50883860132944,4.740745799150318,444.3893895528927,9.808439584448934,315.36048950638235,361.50883860132944,4.740745799150318,444.3894294409329,9.808439584448934,361.50883860132944,0.8723451706644458,20,1.0,0.8,0.16697518752076781,0.8255229005166006,True,True,False,6.349456412199057e-47,14.372498227318104,True,0.12340800018664433,-1.5406253269500971,0.32622286252040744,8.101747318802623,False,False,False,False,False,True,False,False,pass,fails_depth_chi2,True,raw_top1_mes_preserved,False
11245408,5,long_memory,92,72643924,24,True,,625.9062903142483,13.445735930348746,450.07011081221935,3.9233758337795734,474.9195854975676,558.5321244042426,13.180090691603255,450.3357959728819,3.9233758337795734,558.5321244042426,0.8502994988947857,7,1.0,0.8571428571428571,0.31777204004093496,0.7662282824137981,True,True,False,0.0005306119774768002,3.9937543718859385,True,0.16742551885681406,1.3805235010801715,0.5671063065281985,5.264675485018105,False,False,False,False,False,True,False,False,pass,fails_depth_chi2,True,raw_failed_event_penalty_rank,True
11245408,5,long_memory,93,1986778588,24,True,,695.6022511938307,12.771405708917882,450.72400678451595,3.9233758337795734,520.2540782567156,652.1705317244383,14.692225127539132,448.8032272790806,3.9233758337795734,652.1705317244383,0.7977270559604779,7,1.0,0.8571428571428571,0.41053215306844487,0.6870006797822362,True,True,True,0.017776867461399233,2.5565213554924093,True,0.5465553165271767,0.6029299113222576,0.8716123788536293,2.835850601576861,False,False,False,False,False,False,False,False,pass,pass,True,raw_failed_event_penalty_rank,True
11245408,5,long_memory,94,2227298076,24,True,,615.8994016327625,2.94253187533468,445.65631299921733,9.808439584448934,501.85822336244723,569.5571142496772,5.374207522312645,447.18892158827657,9.808439584448934,569.5571142496772,0.8811376608359724,17,1.0,0.7647058823529411,0.15119806415785866,0.8740682086777106,True,True,False,1.8036143007353645e-50,17.586363421025503,True,0.9496518089375072,0.0631440355555194,0.006722847497689885,16.919382908620317,False,False,False,False,False,True,False,False,pass,fails_depth_chi2,True,raw_failed_event_penalty_rank,True
11245408,5,long_memory,95,4262553425,24,True,,195.58843322170233,13.527472926885821,449.9883738156823,5.88506375066936,150.14514872184247,185.25989332387414,9.542794345703442,448.5784505373231,9.808439584448934,185.25989332387414,0.8104568453969498,10,1.0,0.9,0.33689606808757133,0.6506358304374292,True,True,False,1.7283152040249475e-85,46.99440644106453,True,4.658781349683082e-36,-12.537426855008128,2.0,9.969265026242756,False,False,False,False,False,False,True,False,pass,fails_odd_even,True,raw_failed_event_penalty_rank,True
11245408,5,long_memory,96,628784030,24,True,,937.08364567617,5.14943078183569,447.86321190571834,9.808439584448934,779.705958029461,904.7878009549571,6.702433716040105,449.90667673861753,9.808439584448934,904.7878009549571,0.8617556041389168,14,1.0,0.8571428571428571,0.250078326529884,0.7966777102010958,True,True,True,3.637652276754493e-52,21.53835530956134,True,0.0002290452955570494,-3.684618667944377,0.578115901007381,13.289734309758245,False,False,False,False,False,False,False,False,pass,pass,True,raw_failed_event_penalty_rank,True
11245408,5,long_memory,97,3999395503,24,True,,304.7340934135603,8.480213390721474,449.23230659771434,9.808439584448934,264.567985258639,304.7340934135603,8.480213390721474,449.23234651334496,9.808439584448934,304.7340934135603,0.8681929294323786,11,1.0,0.8181818181818182,0.21557466601018282,0.8047682937881492,True,True,False,6.417623313265433e-29,15.856188237777994,True,1.5902544685985996e-13,-7.379382422604931,1.3847045175332298,10.388299839769118,False,False,False,False,False,True,True,False,pass,fails_depth_chi2;fails_odd_even,True,raw_top1_mes_preserved,False
11245408,5,long_memory,98,3227871247,24,True,,575.7677857842151,14.099631902645342,449.1914380994458,9.808439584448934,431.69331585882975,575.7677857842151,14.099631902645342,449.1914780148436,9.808439584448934,575.7677857842151,0.749769831722782,7,1.0,0.7142857142857143,0.3970150879976585,0.6289073179195603,True,True,False,1.1324439036417123e-40,33.50887250571432,True,1.1595982242157052e-18,8.818541890814986,1.414511116320945,10.416991821852875,False,False,False,False,False,False,True,False,pass,fails_odd_even,True,raw_top1_mes_preserved,False
11245408,5,long_memory,99,1846628676,24,True,,567.702055317966,14.528751134464983,448.78275311676043,9.808439584448934,419.42764041596774,567.702055317966,14.528751134464983,448.7827930298299,9.808439584448934,567.702055317966,0.7388164909514889,7,1.0,0.8571428571428571,0.4217520379395747,0.5152668607249759,True,True,True,8.096736247710559e-39,32.0564081277932,True,0.4163311268023207,-0.8128028054644405,0.10546011134147062,10.962685483088604,False,False,False,False,False,False,False,False,pass,pass,True,raw_top1_mes_preserved,False
